condition,image_id,input_path,expected_probability,observed_probability,absolute_error,source_probability_range,expected_class,observed_class,class_agreement,expected_threshold_distance,observed_threshold_distance
baseline,ISIC_0000013,/content/drive/MyDrive/Dissertation/edi_faithfulness_localization/edi_fixed_model_faithfulness_localization_isic100_r224_v1/transformed_inputs/baseline/ISIC_0000013.png,0.0213635228574275,0.021207774057984352,0.0001557487994431478,0.0,0,0,True,0.4786364771425725,0.47879222594201565
baseline,ISIC_0000031,/content/drive/MyDrive/Dissertation/edi_faithfulness_localization/edi_fixed_model_faithfulness_localization_isic100_r224_v1/transformed_inputs/baseline/ISIC_0000031.png,0.207367330789566,0.20299053192138672,0.0043767988681792935,0.0,0,0,True,0.29263266921043396,0.2970094680786133
baseline,ISIC_0000047,/content/drive/MyDrive/Dissertation/edi_faithfulness_localization/edi_fixed_model_faithfulness_localization_isic100_r224_v1/transformed_inputs/baseline/ISIC_0000047.png,0.0690550953149795,0.06908932328224182,3.422796726232358e-05,0.0,0,0,True,0.4309449046850205,0.4309106767177582
baseline,ISIC_0000125,/content/drive/MyDrive/Dissertation/edi_faithfulness_localization/edi_fixed_model_faithfulness_localization_isic100_r224_v1/transformed_inputs/baseline/ISIC_0000125.png,0.9932789206504822,0.9932501316070557,2.8789043426513672e-05,0.0,1,1,True,0.4932789206504822,0.49325013160705566
baseline,ISIC_0000159,/content/drive/MyDrive/Dissertation/edi_faithfulness_localization/edi_fixed_model_faithfulness_localization_isic100_r224_v1/transformed_inputs/baseline/ISIC_0000159.png,0.1482793688774109,0.15087062120437622,0.002591252326965332,0.0,0,0,True,0.3517206311225891,0.3491293787956238
baseline,ISIC_0000175,/content/drive/MyDrive/Dissertation/edi_faithfulness_localization/edi_fixed_model_faithfulness_localization_isic100_r224_v1/transformed_inputs/baseline/ISIC_0000175.png,0.096113234758377,0.09534638375043869,0.0007668510079383156,0.0,0,0,True,0.403886765241623,0.4046536162495613
baseline,ISIC_0000276,/content/drive/MyDrive/Dissertation/edi_faithfulness_localization/edi_fixed_model_faithfulness_localization_isic100_r224_v1/transformed_inputs/baseline/ISIC_0000276.png,0.4701863825321197,0.47456586360931396,0.004379481077194269,0.0,0,0,True,0.029813617467880305,0.025434136390686035
baseline,ISIC_0000298,/content/drive/MyDrive/Dissertation/edi_faithfulness_localization/edi_fixed_model_faithfulness_localization_isic100_r224_v1/transformed_inputs/baseline/ISIC_0000298.png,0.916218101978302,0.9166409969329834,0.0004228949546813965,0.0,1,1,True,0.416218101978302,0.4166409969329834
baseline,ISIC_0000303,/content/drive/MyDrive/Dissertation/edi_faithfulness_localization/edi_fixed_model_faithfulness_localization_isic100_r224_v1/transformed_inputs/baseline/ISIC_0000303.png,0.23161399364471427,0.23107926547527313,0.0005347281694411399,0.0,0,0,True,0.26838600635528576,0.26892073452472687
baseline,ISIC_0000384,/content/drive/MyDrive/Dissertation/edi_faithfulness_localization/edi_fixed_model_faithfulness_localization_isic100_r224_v1/transformed_inputs/baseline/ISIC_0000384.png,0.7042967677116394,0.6942950487136841,0.010001718997955322,0.0,1,1,True,0.2042967677116394,0.19429504871368408
baseline,ISIC_0000420,/content/drive/MyDrive/Dissertation/edi_faithfulness_localization/edi_fixed_model_faithfulness_localization_isic100_r224_v1/transformed_inputs/baseline/ISIC_0000420.png,0.5017710328102112,0.4976561963558197,0.0041148364543914795,0.0,1,0,False,0.0017710328102111816,0.002343803644180298
baseline,ISIC_0000482,/content/drive/MyDrive/Dissertation/edi_faithfulness_localization/edi_fixed_model_faithfulness_localization_isic100_r224_v1/transformed_inputs/baseline/ISIC_0000482.png,0.415884405374527,0.41230884194374084,0.003575563430786133,0.0,0,0,True,0.08411559462547302,0.08769115805625916
baseline,ISIC_0000510,/content/drive/MyDrive/Dissertation/edi_faithfulness_localization/edi_fixed_model_faithfulness_localization_isic100_r224_v1/transformed_inputs/baseline/ISIC_0000510.png,0.367836982011795,0.36859431862831116,0.0007573366165161688,0.0,0,0,True,0.132163017988205,0.13140568137168884
baseline,ISIC_0000513,/content/drive/MyDrive/Dissertation/edi_faithfulness_localization/edi_fixed_model_faithfulness_localization_isic100_r224_v1/transformed_inputs/baseline/ISIC_0000513.png,0.1666533350944519,0.1663995236158371,0.00025381147861480713,0.0,0,0,True,0.3333466649055481,0.3336004763841629
baseline,ISIC_0001103,/content/drive/MyDrive/Dissertation/edi_faithfulness_localization/edi_fixed_model_faithfulness_localization_isic100_r224_v1/transformed_inputs/baseline/ISIC_0001103.png,0.973406970500946,0.9736852645874023,0.00027829408645629883,0.0,1,1,True,0.47340697050094604,0.47368526458740234
baseline,ISIC_0001131,/content/drive/MyDrive/Dissertation/edi_faithfulness_localization/edi_fixed_model_faithfulness_localization_isic100_r224_v1/transformed_inputs/baseline/ISIC_0001131.png,0.004692593589425,0.00469016470015049,2.428889274510432e-06,0.0,0,0,True,0.495307406410575,0.4953098352998495
baseline,ISIC_0001133,/content/drive/MyDrive/Dissertation/edi_faithfulness_localization/edi_fixed_model_faithfulness_localization_isic100_r224_v1/transformed_inputs/baseline/ISIC_0001133.png,0.19830022752285,0.19750022888183594,0.0007999986410140714,0.0,0,0,True,0.30169977247714996,0.30249977111816406
baseline,ISIC_0001242,/content/drive/MyDrive/Dissertation/edi_faithfulness_localization/edi_fixed_model_faithfulness_localization_isic100_r224_v1/transformed_inputs/baseline/ISIC_0001242.png,0.9235804677009584,0.9216541647911072,0.0019263029098511852,0.0,1,1,True,0.42358046770095836,0.4216541647911072
baseline,ISIC_0001372,/content/drive/MyDrive/Dissertation/edi_faithfulness_localization/edi_fixed_model_faithfulness_localization_isic100_r224_v1/transformed_inputs/baseline/ISIC_0001372.png,0.4277657568454742,0.42845407128334045,0.0006883144378662664,0.0,0,0,True,0.07223424315452581,0.07154592871665955
baseline,ISIC_0003559,/content/drive/MyDrive/Dissertation/edi_faithfulness_localization/edi_fixed_model_faithfulness_localization_isic100_r224_v1/transformed_inputs/baseline/ISIC_0003559.png,0.8277513980865479,0.8298138380050659,0.0020624399185180664,0.0,1,1,True,0.32775139808654785,0.3298138380050659
baseline,ISIC_0006776,/content/drive/MyDrive/Dissertation/edi_faithfulness_localization/edi_fixed_model_faithfulness_localization_isic100_r224_v1/transformed_inputs/baseline/ISIC_0006776.png,0.9792611598968506,0.9789050221443176,0.000356137752532959,0.0,1,1,True,0.4792611598968506,0.4789050221443176
baseline,ISIC_0006982,/content/drive/MyDrive/Dissertation/edi_faithfulness_localization/edi_fixed_model_faithfulness_localization_isic100_r224_v1/transformed_inputs/baseline/ISIC_0006982.png,0.9589952230453492,0.9588131308555603,0.00018209218978892938,0.0,1,1,True,0.45899522304534923,0.4588131308555603
baseline,ISIC_0007038,/content/drive/MyDrive/Dissertation/edi_faithfulness_localization/edi_fixed_model_faithfulness_localization_isic100_r224_v1/transformed_inputs/baseline/ISIC_0007038.png,0.874121367931366,0.8765930533409119,0.0024716854095458984,0.0,1,1,True,0.37412136793136597,0.37659305334091187
baseline,ISIC_0009298,/content/drive/MyDrive/Dissertation/edi_faithfulness_localization/edi_fixed_model_faithfulness_localization_isic100_r224_v1/transformed_inputs/baseline/ISIC_0009298.png,0.18054644763469688,0.18434536457061768,0.0037989169359207986,0.0,0,0,True,0.31945355236530315,0.3156546354293823
baseline,ISIC_0009898,/content/drive/MyDrive/Dissertation/edi_faithfulness_localization/edi_fixed_model_faithfulness_localization_isic100_r224_v1/transformed_inputs/baseline/ISIC_0009898.png,0.166479542851448,0.16374945640563965,0.002730086445808355,0.0,0,0,True,0.333520457148552,0.33625054359436035
baseline,ISIC_0009931,/content/drive/MyDrive/Dissertation/edi_faithfulness_localization/edi_fixed_model_faithfulness_localization_isic100_r224_v1/transformed_inputs/baseline/ISIC_0009931.png,0.0071143582463264006,0.00692869583144784,0.00018566241487856083,0.0,0,0,True,0.4928856417536736,0.49307130416855216
baseline,ISIC_0009934,/content/drive/MyDrive/Dissertation/edi_faithfulness_localization/edi_fixed_model_faithfulness_localization_isic100_r224_v1/transformed_inputs/baseline/ISIC_0009934.png,0.1321262121200561,0.12753385305404663,0.004592359066009466,0.0,0,0,True,0.3678737878799439,0.37246614694595337
baseline,ISIC_0009960,/content/drive/MyDrive/Dissertation/edi_faithfulness_localization/edi_fixed_model_faithfulness_localization_isic100_r224_v1/transformed_inputs/baseline/ISIC_0009960.png,0.8941426873207092,0.8957621455192566,0.0016194581985473633,0.0,1,1,True,0.39414268732070923,0.3957621455192566
baseline,ISIC_0009979,/content/drive/MyDrive/Dissertation/edi_faithfulness_localization/edi_fixed_model_faithfulness_localization_isic100_r224_v1/transformed_inputs/baseline/ISIC_0009979.png,0.6867760419845581,0.6876833438873291,0.0009073019027709961,0.0,1,1,True,0.1867760419845581,0.1876833438873291
baseline,ISIC_0010090,/content/drive/MyDrive/Dissertation/edi_faithfulness_localization/edi_fixed_model_faithfulness_localization_isic100_r224_v1/transformed_inputs/baseline/ISIC_0010090.png,0.9805516004562378,0.980760931968689,0.00020933151245117188,0.0,1,1,True,0.4805516004562378,0.48076093196868896
baseline,ISIC_0010100,/content/drive/MyDrive/Dissertation/edi_faithfulness_localization/edi_fixed_model_faithfulness_localization_isic100_r224_v1/transformed_inputs/baseline/ISIC_0010100.png,0.0829038694500923,0.08113061636686325,0.001773253083229051,0.0,0,0,True,0.4170961305499077,0.41886938363313675
baseline,ISIC_0010175,/content/drive/MyDrive/Dissertation/edi_faithfulness_localization/edi_fixed_model_faithfulness_localization_isic100_r224_v1/transformed_inputs/baseline/ISIC_0010175.png,0.0090933134779334,0.009050610475242138,4.270300269126198e-05,0.0,0,0,True,0.4909066865220666,0.49094938952475786
baseline,ISIC_0010212,/content/drive/MyDrive/Dissertation/edi_faithfulness_localization/edi_fixed_model_faithfulness_localization_isic100_r224_v1/transformed_inputs/baseline/ISIC_0010212.png,0.0197848752140998,0.019908685237169266,0.00012381002306946498,0.0,0,0,True,0.4802151247859002,0.48009131476283073
baseline,ISIC_0010225,/content/drive/MyDrive/Dissertation/edi_faithfulness_localization/edi_fixed_model_faithfulness_localization_isic100_r224_v1/transformed_inputs/baseline/ISIC_0010225.png,0.3748130798339844,0.3674027621746063,0.007410317659378052,0.0,0,0,True,0.12518692016601562,0.13259723782539368
baseline,ISIC_0010334,/content/drive/MyDrive/Dissertation/edi_faithfulness_localization/edi_fixed_model_faithfulness_localization_isic100_r224_v1/transformed_inputs/baseline/ISIC_0010334.png,0.0345999784767627,0.03477749973535538,0.00017752125859267498,0.0,0,0,True,0.4654000215232373,0.4652225002646446
baseline,ISIC_0010570,/content/drive/MyDrive/Dissertation/edi_faithfulness_localization/edi_fixed_model_faithfulness_localization_isic100_r224_v1/transformed_inputs/baseline/ISIC_0010570.png,0.0433391220867633,0.043508581817150116,0.00016945973038681728,0.0,0,0,True,0.45666087791323673,0.4564914181828499
baseline,ISIC_0010596,/content/drive/MyDrive/Dissertation/edi_faithfulness_localization/edi_fixed_model_faithfulness_localization_isic100_r224_v1/transformed_inputs/baseline/ISIC_0010596.png,0.031778261065483,0.031629979610443115,0.00014828145503988782,0.0,0,0,True,0.468221738934517,0.4683700203895569
baseline,ISIC_0010863,/content/drive/MyDrive/Dissertation/edi_faithfulness_localization/edi_fixed_model_faithfulness_localization_isic100_r224_v1/transformed_inputs/baseline/ISIC_0010863.png,0.0528475008904933,0.05327018350362778,0.00042268261313447436,0.0,0,0,True,0.4471524991095067,0.4467298164963722
baseline,ISIC_0011158,/content/drive/MyDrive/Dissertation/edi_faithfulness_localization/edi_fixed_model_faithfulness_localization_isic100_r224_v1/transformed_inputs/baseline/ISIC_0011158.png,0.0170796923339366,0.017002683132886887,7.700920104971448e-05,0.0,0,0,True,0.4829203076660634,0.4829973168671131
baseline,ISIC_0011173,/content/drive/MyDrive/Dissertation/edi_faithfulness_localization/edi_fixed_model_faithfulness_localization_isic100_r224_v1/transformed_inputs/baseline/ISIC_0011173.png,0.9571174383163452,0.9566957950592041,0.0004216432571411133,0.0,1,1,True,0.4571174383163452,0.4566957950592041
baseline,ISIC_0011383,/content/drive/MyDrive/Dissertation/edi_faithfulness_localization/edi_fixed_model_faithfulness_localization_isic100_r224_v1/transformed_inputs/baseline/ISIC_0011383.png,0.8383181691169739,0.8382807970046997,3.737211227416992e-05,0.0,1,1,True,0.3383181691169739,0.3382807970046997
baseline,ISIC_0012086,/content/drive/MyDrive/Dissertation/edi_faithfulness_localization/edi_fixed_model_faithfulness_localization_isic100_r224_v1/transformed_inputs/baseline/ISIC_0012086.png,0.2883248329162597,0.286694198846817,0.0016306340694426935,0.0,0,0,True,0.2116751670837403,0.21330580115318298
baseline,ISIC_0012356,/content/drive/MyDrive/Dissertation/edi_faithfulness_localization/edi_fixed_model_faithfulness_localization_isic100_r224_v1/transformed_inputs/baseline/ISIC_0012356.png,0.4358180165290832,0.4409799873828888,0.0051619708538055975,0.0,0,0,True,0.0641819834709168,0.059020012617111206
baseline,ISIC_0012395,/content/drive/MyDrive/Dissertation/edi_faithfulness_localization/edi_fixed_model_faithfulness_localization_isic100_r224_v1/transformed_inputs/baseline/ISIC_0012395.png,0.8045207262039185,0.8033789992332458,0.0011417269706726074,0.0,1,1,True,0.30452072620391846,0.30337899923324585
baseline,ISIC_0012701,/content/drive/MyDrive/Dissertation/edi_faithfulness_localization/edi_fixed_model_faithfulness_localization_isic100_r224_v1/transformed_inputs/baseline/ISIC_0012701.png,0.9839117527008056,0.9835371375083923,0.00037461519241321906,0.0,1,1,True,0.48391175270080555,0.48353713750839233
baseline,ISIC_0012705,/content/drive/MyDrive/Dissertation/edi_faithfulness_localization/edi_fixed_model_faithfulness_localization_isic100_r224_v1/transformed_inputs/baseline/ISIC_0012705.png,0.5579802393913269,0.5585862994194031,0.0006060600280761719,0.0,1,1,True,0.057980239391326904,0.058586299419403076
baseline,ISIC_0012840,/content/drive/MyDrive/Dissertation/edi_faithfulness_localization/edi_fixed_model_faithfulness_localization_isic100_r224_v1/transformed_inputs/baseline/ISIC_0012840.png,0.747074544429779,0.7503163814544678,0.0032418370246887207,0.0,1,1,True,0.24707454442977905,0.2503163814544678
baseline,ISIC_0012877,/content/drive/MyDrive/Dissertation/edi_faithfulness_localization/edi_fixed_model_faithfulness_localization_isic100_r224_v1/transformed_inputs/baseline/ISIC_0012877.png,0.5979015827178955,0.5975664258003235,0.0003351569175720215,0.0,1,1,True,0.09790158271789551,0.09756642580032349
baseline,ISIC_0012930,/content/drive/MyDrive/Dissertation/edi_faithfulness_localization/edi_fixed_model_faithfulness_localization_isic100_r224_v1/transformed_inputs/baseline/ISIC_0012930.png,0.9699246883392334,0.9698101878166199,0.00011450052261352539,0.0,1,1,True,0.4699246883392334,0.4698101878166199
baseline,ISIC_0012949,/content/drive/MyDrive/Dissertation/edi_faithfulness_localization/edi_fixed_model_faithfulness_localization_isic100_r224_v1/transformed_inputs/baseline/ISIC_0012949.png,0.8753840923309326,0.8725966811180115,0.0027874112129211426,0.0,1,1,True,0.3753840923309326,0.3725966811180115
baseline,ISIC_0012966,/content/drive/MyDrive/Dissertation/edi_faithfulness_localization/edi_fixed_model_faithfulness_localization_isic100_r224_v1/transformed_inputs/baseline/ISIC_0012966.png,0.63067626953125,0.635951042175293,0.005274772644042969,0.0,1,1,True,0.13067626953125,0.13595104217529297
baseline,ISIC_0013079,/content/drive/MyDrive/Dissertation/edi_faithfulness_localization/edi_fixed_model_faithfulness_localization_isic100_r224_v1/transformed_inputs/baseline/ISIC_0013079.png,0.7919360995292664,0.7925964593887329,0.0006603598594665527,0.0,1,1,True,0.29193609952926636,0.2925964593887329
baseline,ISIC_0013147,/content/drive/MyDrive/Dissertation/edi_faithfulness_localization/edi_fixed_model_faithfulness_localization_isic100_r224_v1/transformed_inputs/baseline/ISIC_0013147.png,0.8888967037200928,0.8890672326087952,0.00017052888870239258,0.0,1,1,True,0.3888967037200928,0.38906723260879517
baseline,ISIC_0013177,/content/drive/MyDrive/Dissertation/edi_faithfulness_localization/edi_fixed_model_faithfulness_localization_isic100_r224_v1/transformed_inputs/baseline/ISIC_0013177.png,0.7791750431060791,0.7775376439094543,0.0016373991966247559,0.0,1,1,True,0.2791750431060791,0.27753764390945435
baseline,ISIC_0013223,/content/drive/MyDrive/Dissertation/edi_faithfulness_localization/edi_fixed_model_faithfulness_localization_isic100_r224_v1/transformed_inputs/baseline/ISIC_0013223.png,0.959384024143219,0.9588376879692078,0.0005463361740112305,0.0,1,1,True,0.459384024143219,0.45883768796920776
baseline,ISIC_0013258,/content/drive/MyDrive/Dissertation/edi_faithfulness_localization/edi_fixed_model_faithfulness_localization_isic100_r224_v1/transformed_inputs/baseline/ISIC_0013258.png,0.9993141889572144,0.9993135929107666,5.960464477539062e-07,0.0,1,1,True,0.49931418895721436,0.4993135929107666
baseline,ISIC_0013429,/content/drive/MyDrive/Dissertation/edi_faithfulness_localization/edi_fixed_model_faithfulness_localization_isic100_r224_v1/transformed_inputs/baseline/ISIC_0013429.png,0.704017162322998,0.6976941227912903,0.006323039531707764,0.0,1,1,True,0.20401716232299805,0.19769412279129028
baseline,ISIC_0013501,/content/drive/MyDrive/Dissertation/edi_faithfulness_localization/edi_fixed_model_faithfulness_localization_isic100_r224_v1/transformed_inputs/baseline/ISIC_0013501.png,0.7170298099517822,0.7141885757446289,0.0028412342071533203,0.0,1,1,True,0.21702980995178223,0.2141885757446289
baseline,ISIC_0013663,/content/drive/MyDrive/Dissertation/edi_faithfulness_localization/edi_fixed_model_faithfulness_localization_isic100_r224_v1/transformed_inputs/baseline/ISIC_0013663.png,0.8194298148155212,0.8203561305999756,0.0009263157844543457,0.0,1,1,True,0.31942981481552124,0.3203561305999756
baseline,ISIC_0013739,/content/drive/MyDrive/Dissertation/edi_faithfulness_localization/edi_fixed_model_faithfulness_localization_isic100_r224_v1/transformed_inputs/baseline/ISIC_0013739.png,0.9623059034347534,0.96259605884552,0.00029015541076660156,0.0,1,1,True,0.4623059034347534,0.46259605884552
baseline,ISIC_0013807,/content/drive/MyDrive/Dissertation/edi_faithfulness_localization/edi_fixed_model_faithfulness_localization_isic100_r224_v1/transformed_inputs/baseline/ISIC_0013807.png,0.9645677208900452,0.964633584022522,6.586313247680664e-05,0.0,1,1,True,0.46456772089004517,0.464633584022522
baseline,ISIC_0013828,/content/drive/MyDrive/Dissertation/edi_faithfulness_localization/edi_fixed_model_faithfulness_localization_isic100_r224_v1/transformed_inputs/baseline/ISIC_0013828.png,0.5888935327529907,0.5920102000236511,0.0031166672706604004,0.0,1,1,True,0.08889353275299072,0.09201020002365112
baseline,ISIC_0013844,/content/drive/MyDrive/Dissertation/edi_faithfulness_localization/edi_fixed_model_faithfulness_localization_isic100_r224_v1/transformed_inputs/baseline/ISIC_0013844.png,0.881649911403656,0.8801459670066833,0.0015039443969726562,0.0,1,1,True,0.381649911403656,0.38014596700668335
baseline,ISIC_0013867,/content/drive/MyDrive/Dissertation/edi_faithfulness_localization/edi_fixed_model_faithfulness_localization_isic100_r224_v1/transformed_inputs/baseline/ISIC_0013867.png,0.7918878793716431,0.7888458371162415,0.0030420422554016113,0.0,1,1,True,0.29188787937164307,0.28884583711624146
baseline,ISIC_0013929,/content/drive/MyDrive/Dissertation/edi_faithfulness_localization/edi_fixed_model_faithfulness_localization_isic100_r224_v1/transformed_inputs/baseline/ISIC_0013929.png,0.9174544215202332,0.9182044863700867,0.0007500648498535156,0.0,1,1,True,0.41745442152023315,0.41820448637008667
baseline,ISIC_0013987,/content/drive/MyDrive/Dissertation/edi_faithfulness_localization/edi_fixed_model_faithfulness_localization_isic100_r224_v1/transformed_inputs/baseline/ISIC_0013987.png,0.8600621819496155,0.8631414771080017,0.0030792951583862305,0.0,1,1,True,0.3600621819496155,0.3631414771080017
baseline,ISIC_0014092,/content/drive/MyDrive/Dissertation/edi_faithfulness_localization/edi_fixed_model_faithfulness_localization_isic100_r224_v1/transformed_inputs/baseline/ISIC_0014092.png,0.9756616353988647,0.9756613969802856,2.384185791015625e-07,0.0,1,1,True,0.47566163539886475,0.47566139698028564
baseline,ISIC_0014114,/content/drive/MyDrive/Dissertation/edi_faithfulness_localization/edi_fixed_model_faithfulness_localization_isic100_r224_v1/transformed_inputs/baseline/ISIC_0014114.png,0.5174276828765869,0.5155404806137085,0.001887202262878418,0.0,1,1,True,0.017427682876586914,0.015540480613708496
baseline,ISIC_0014136,/content/drive/MyDrive/Dissertation/edi_faithfulness_localization/edi_fixed_model_faithfulness_localization_isic100_r224_v1/transformed_inputs/baseline/ISIC_0014136.png,0.2205651402473449,0.21902991831302643,0.0015352219343184592,0.0,0,0,True,0.27943485975265514,0.28097008168697357
baseline,ISIC_0014169,/content/drive/MyDrive/Dissertation/edi_faithfulness_localization/edi_fixed_model_faithfulness_localization_isic100_r224_v1/transformed_inputs/baseline/ISIC_0014169.png,0.996856689453125,0.99688321352005,2.6524066925048828e-05,0.0,1,1,True,0.496856689453125,0.49688321352005005
baseline,ISIC_0014173,/content/drive/MyDrive/Dissertation/edi_faithfulness_localization/edi_fixed_model_faithfulness_localization_isic100_r224_v1/transformed_inputs/baseline/ISIC_0014173.png,0.990005910396576,0.9900215268135071,1.561641693104132e-05,0.0,1,1,True,0.49000591039657604,0.4900215268135071
baseline,ISIC_0014185,/content/drive/MyDrive/Dissertation/edi_faithfulness_localization/edi_fixed_model_faithfulness_localization_isic100_r224_v1/transformed_inputs/baseline/ISIC_0014185.png,0.9770415425300598,0.9769655466079712,7.599592208862305e-05,0.0,1,1,True,0.4770415425300598,0.4769655466079712
baseline,ISIC_0014255,/content/drive/MyDrive/Dissertation/edi_faithfulness_localization/edi_fixed_model_faithfulness_localization_isic100_r224_v1/transformed_inputs/baseline/ISIC_0014255.png,0.9714712500572203,0.9712586998939514,0.00021255016326893195,0.0,1,1,True,0.47147125005722035,0.4712586998939514
baseline,ISIC_0014317,/content/drive/MyDrive/Dissertation/edi_faithfulness_localization/edi_fixed_model_faithfulness_localization_isic100_r224_v1/transformed_inputs/baseline/ISIC_0014317.png,0.9672644734382628,0.9678731560707092,0.0006086826324464001,0.0,1,1,True,0.46726447343826283,0.46787315607070923
baseline,ISIC_0014328,/content/drive/MyDrive/Dissertation/edi_faithfulness_localization/edi_fixed_model_faithfulness_localization_isic100_r224_v1/transformed_inputs/baseline/ISIC_0014328.png,0.9766443967819214,0.9767010807991028,5.6684017181396484e-05,0.0,1,1,True,0.4766443967819214,0.4767010807991028
baseline,ISIC_0014395,/content/drive/MyDrive/Dissertation/edi_faithfulness_localization/edi_fixed_model_faithfulness_localization_isic100_r224_v1/transformed_inputs/baseline/ISIC_0014395.png,0.2714769840240478,0.2698547840118408,0.0016222000122069757,0.0,0,0,True,0.2285230159759522,0.23014521598815918
baseline,ISIC_0014480,/content/drive/MyDrive/Dissertation/edi_faithfulness_localization/edi_fixed_model_faithfulness_localization_isic100_r224_v1/transformed_inputs/baseline/ISIC_0014480.png,0.9873849153518676,0.9871543645858765,0.00023055076599109992,0.0,1,1,True,0.48738491535186756,0.48715436458587646
baseline,ISIC_0014684,/content/drive/MyDrive/Dissertation/edi_faithfulness_localization/edi_fixed_model_faithfulness_localization_isic100_r224_v1/transformed_inputs/baseline/ISIC_0014684.png,0.2045910358428955,0.20433098077774048,0.0002600550651550293,0.0,0,0,True,0.2954089641571045,0.2956690192222595
baseline,ISIC_0014720,/content/drive/MyDrive/Dissertation/edi_faithfulness_localization/edi_fixed_model_faithfulness_localization_isic100_r224_v1/transformed_inputs/baseline/ISIC_0014720.png,0.2506917715072632,0.24977843463420868,0.0009133368730545044,0.0,0,0,True,0.24930822849273682,0.2502215653657913
baseline,ISIC_0014746,/content/drive/MyDrive/Dissertation/edi_faithfulness_localization/edi_fixed_model_faithfulness_localization_isic100_r224_v1/transformed_inputs/baseline/ISIC_0014746.png,0.1029413565993309,0.10310118645429611,0.00015982985496520996,0.0,0,0,True,0.3970586434006691,0.3968988135457039
baseline,ISIC_0014795,/content/drive/MyDrive/Dissertation/edi_faithfulness_localization/edi_fixed_model_faithfulness_localization_isic100_r224_v1/transformed_inputs/baseline/ISIC_0014795.png,0.6035982370376587,0.6083322763442993,0.004734039306640625,0.0,1,1,True,0.10359823703765869,0.10833227634429932
baseline,ISIC_0014911,/content/drive/MyDrive/Dissertation/edi_faithfulness_localization/edi_fixed_model_faithfulness_localization_isic100_r224_v1/transformed_inputs/baseline/ISIC_0014911.png,0.022893376648426,0.022432886064052582,0.0004604905843734186,0.0,0,0,True,0.477106623351574,0.4775671139359474
baseline,ISIC_0014975,/content/drive/MyDrive/Dissertation/edi_faithfulness_localization/edi_fixed_model_faithfulness_localization_isic100_r224_v1/transformed_inputs/baseline/ISIC_0014975.png,0.7363964319229126,0.7372762560844421,0.000879824161529541,0.0,1,1,True,0.2363964319229126,0.23727625608444214
baseline,ISIC_0014982,/content/drive/MyDrive/Dissertation/edi_faithfulness_localization/edi_fixed_model_faithfulness_localization_isic100_r224_v1/transformed_inputs/baseline/ISIC_0014982.png,0.4049433767795563,0.3995843529701233,0.005359023809432983,0.0,0,0,True,0.09505662322044373,0.10041564702987671
baseline,ISIC_0015032,/content/drive/MyDrive/Dissertation/edi_faithfulness_localization/edi_fixed_model_faithfulness_localization_isic100_r224_v1/transformed_inputs/baseline/ISIC_0015032.png,0.3597918748855591,0.36557069420814514,0.00577881932258606,0.0,0,0,True,0.14020812511444092,0.13442930579185486
baseline,ISIC_0015056,/content/drive/MyDrive/Dissertation/edi_faithfulness_localization/edi_fixed_model_faithfulness_localization_isic100_r224_v1/transformed_inputs/baseline/ISIC_0015056.png,0.0925493985414505,0.09732703119516373,0.004777632653713226,0.0,0,0,True,0.4074506014585495,0.4026729688048363
baseline,ISIC_0015127,/content/drive/MyDrive/Dissertation/edi_faithfulness_localization/edi_fixed_model_faithfulness_localization_isic100_r224_v1/transformed_inputs/baseline/ISIC_0015127.png,0.1175866350531578,0.11800491809844971,0.00041828304529190063,0.0,0,0,True,0.3824133649468422,0.3819950819015503
baseline,ISIC_0015158,/content/drive/MyDrive/Dissertation/edi_faithfulness_localization/edi_fixed_model_faithfulness_localization_isic100_r224_v1/transformed_inputs/baseline/ISIC_0015158.png,0.7529829144477844,0.7604252099990845,0.007442295551300049,0.0,1,1,True,0.2529829144477844,0.2604252099990845
baseline,ISIC_0015166,/content/drive/MyDrive/Dissertation/edi_faithfulness_localization/edi_fixed_model_faithfulness_localization_isic100_r224_v1/transformed_inputs/baseline/ISIC_0015166.png,0.056243609637022,0.05645164102315903,0.00020803138613702948,0.0,0,0,True,0.443756390362978,0.443548358976841
baseline,ISIC_0015206,/content/drive/MyDrive/Dissertation/edi_faithfulness_localization/edi_fixed_model_faithfulness_localization_isic100_r224_v1/transformed_inputs/baseline/ISIC_0015206.png,0.0376187376677989,0.03761119022965431,7.547438144586693e-06,0.0,0,0,True,0.4623812623322011,0.4623888097703457
baseline,ISIC_0015211,/content/drive/MyDrive/Dissertation/edi_faithfulness_localization/edi_fixed_model_faithfulness_localization_isic100_r224_v1/transformed_inputs/baseline/ISIC_0015211.png,0.1070659905672073,0.10499797761440277,0.002068012952804524,0.0,0,0,True,0.3929340094327927,0.39500202238559723
baseline,ISIC_0015215,/content/drive/MyDrive/Dissertation/edi_faithfulness_localization/edi_fixed_model_faithfulness_localization_isic100_r224_v1/transformed_inputs/baseline/ISIC_0015215.png,0.9850515127182008,0.9852075576782227,0.00015604496002186163,0.0,1,1,True,0.4850515127182008,0.48520755767822266
baseline,ISIC_0015251,/content/drive/MyDrive/Dissertation/edi_faithfulness_localization/edi_fixed_model_faithfulness_localization_isic100_r224_v1/transformed_inputs/baseline/ISIC_0015251.png,0.0116346227005124,0.01151195727288723,0.00012266542762517062,0.0,0,0,True,0.4883653772994876,0.48848804272711277
baseline,ISIC_0015256,/content/drive/MyDrive/Dissertation/edi_faithfulness_localization/edi_fixed_model_faithfulness_localization_isic100_r224_v1/transformed_inputs/baseline/ISIC_0015256.png,0.4168720841407776,0.42379897832870483,0.006926894187927246,0.0,0,0,True,0.08312791585922241,0.07620102167129517
baseline,ISIC_0015284,/content/drive/MyDrive/Dissertation/edi_faithfulness_localization/edi_fixed_model_faithfulness_localization_isic100_r224_v1/transformed_inputs/baseline/ISIC_0015284.png,0.1925175040960312,0.19355317950248718,0.0010356754064559937,0.0,0,0,True,0.3074824959039688,0.3064468204975128
baseline,ISIC_0015476,/content/drive/MyDrive/Dissertation/edi_faithfulness_localization/edi_fixed_model_faithfulness_localization_isic100_r224_v1/transformed_inputs/baseline/ISIC_0015476.png,0.1526736319065094,0.15230605006217957,0.000367581844329834,0.0,0,0,True,0.3473263680934906,0.34769394993782043
baseline,ISIC_0015563,/content/drive/MyDrive/Dissertation/edi_faithfulness_localization/edi_fixed_model_faithfulness_localization_isic100_r224_v1/transformed_inputs/baseline/ISIC_0015563.png,0.9687514901161194,0.968760073184967,8.58306884765625e-06,0.0,1,1,True,0.4687514901161194,0.46876007318496704
baseline,ISIC_0015963,/content/drive/MyDrive/Dissertation/edi_faithfulness_localization/edi_fixed_model_faithfulness_localization_isic100_r224_v1/transformed_inputs/baseline/ISIC_0015963.png,0.9154186248779296,0.9156545400619507,0.00023591518402110712,0.0,1,1,True,0.4154186248779296,0.4156545400619507
baseline,ISIC_0015964,/content/drive/MyDrive/Dissertation/edi_faithfulness_localization/edi_fixed_model_faithfulness_localization_isic100_r224_v1/transformed_inputs/baseline/ISIC_0015964.png,0.883295476436615,0.8803175091743469,0.0029779672622680664,0.0,1,1,True,0.383295476436615,0.3803175091743469
baseline,ISIC_0015986,/content/drive/MyDrive/Dissertation/edi_faithfulness_localization/edi_fixed_model_faithfulness_localization_isic100_r224_v1/transformed_inputs/baseline/ISIC_0015986.png,0.7613937258720398,0.762814462184906,0.001420736312866211,0.0,1,1,True,0.2613937258720398,0.262814462184906
dullrazor,ISIC_0000013,/content/drive/MyDrive/Dissertation/edi_faithfulness_localization/edi_fixed_model_faithfulness_localization_isic100_r224_v1/transformed_inputs/dullrazor/ISIC_0000013.png,0.0203619394451379,0.019966965541243553,0.0003949739038943481,0.0,0,0,True,0.4796380605548621,0.48003303445875645
dullrazor,ISIC_0000031,/content/drive/MyDrive/Dissertation/edi_faithfulness_localization/edi_fixed_model_faithfulness_localization_isic100_r224_v1/transformed_inputs/dullrazor/ISIC_0000031.png,0.1367888450622558,0.13359107077121735,0.0031977742910384577,0.0,0,0,True,0.3632111549377442,0.36640892922878265
dullrazor,ISIC_0000047,/content/drive/MyDrive/Dissertation/edi_faithfulness_localization/edi_fixed_model_faithfulness_localization_isic100_r224_v1/transformed_inputs/dullrazor/ISIC_0000047.png,0.1254126131534576,0.12522202730178833,0.00019058585166928377,0.0,0,0,True,0.37458738684654236,0.37477797269821167
dullrazor,ISIC_0000125,/content/drive/MyDrive/Dissertation/edi_faithfulness_localization/edi_fixed_model_faithfulness_localization_isic100_r224_v1/transformed_inputs/dullrazor/ISIC_0000125.png,0.9925353527069092,0.9926295280456543,9.417533874511719e-05,0.0,1,1,True,0.4925353527069092,0.4926295280456543
dullrazor,ISIC_0000159,/content/drive/MyDrive/Dissertation/edi_faithfulness_localization/edi_fixed_model_faithfulness_localization_isic100_r224_v1/transformed_inputs/dullrazor/ISIC_0000159.png,0.11727559566497799,0.1180553287267685,0.0007797330617905079,0.0,0,0,True,0.38272440433502203,0.3819446712732315
dullrazor,ISIC_0000175,/content/drive/MyDrive/Dissertation/edi_faithfulness_localization/edi_fixed_model_faithfulness_localization_isic100_r224_v1/transformed_inputs/dullrazor/ISIC_0000175.png,0.0773872286081314,0.07609351724386215,0.0012937113642692427,0.0,0,0,True,0.4226127713918686,0.42390648275613785
dullrazor,ISIC_0000276,/content/drive/MyDrive/Dissertation/edi_faithfulness_localization/edi_fixed_model_faithfulness_localization_isic100_r224_v1/transformed_inputs/dullrazor/ISIC_0000276.png,0.4732569754123688,0.47097915410995483,0.0022778213024139404,0.0,0,0,True,0.026743024587631226,0.029020845890045166
dullrazor,ISIC_0000298,/content/drive/MyDrive/Dissertation/edi_faithfulness_localization/edi_fixed_model_faithfulness_localization_isic100_r224_v1/transformed_inputs/dullrazor/ISIC_0000298.png,0.4212391376495361,0.4226352274417877,0.0013960897922516424,0.0,0,0,True,0.07876086235046392,0.07736477255821228
dullrazor,ISIC_0000303,/content/drive/MyDrive/Dissertation/edi_faithfulness_localization/edi_fixed_model_faithfulness_localization_isic100_r224_v1/transformed_inputs/dullrazor/ISIC_0000303.png,0.1330557018518448,0.12993597984313965,0.003119722008705139,0.0,0,0,True,0.3669442981481552,0.37006402015686035
dullrazor,ISIC_0000384,/content/drive/MyDrive/Dissertation/edi_faithfulness_localization/edi_fixed_model_faithfulness_localization_isic100_r224_v1/transformed_inputs/dullrazor/ISIC_0000384.png,0.7283411622047424,0.7177854776382446,0.010555684566497803,0.0,1,1,True,0.22834116220474243,0.21778547763824463
dullrazor,ISIC_0000420,/content/drive/MyDrive/Dissertation/edi_faithfulness_localization/edi_fixed_model_faithfulness_localization_isic100_r224_v1/transformed_inputs/dullrazor/ISIC_0000420.png,0.7631205916404724,0.7625362873077393,0.0005843043327331543,0.0,1,1,True,0.2631205916404724,0.26253628730773926
dullrazor,ISIC_0000482,/content/drive/MyDrive/Dissertation/edi_faithfulness_localization/edi_fixed_model_faithfulness_localization_isic100_r224_v1/transformed_inputs/dullrazor/ISIC_0000482.png,0.2564448714256286,0.25092822313308716,0.005516648292541448,0.0,0,0,True,0.2435551285743714,0.24907177686691284
dullrazor,ISIC_0000510,/content/drive/MyDrive/Dissertation/edi_faithfulness_localization/edi_fixed_model_faithfulness_localization_isic100_r224_v1/transformed_inputs/dullrazor/ISIC_0000510.png,0.0425725020468235,0.042312800884246826,0.0002597011625766754,0.0,0,0,True,0.4574274979531765,0.4576871991157532
dullrazor,ISIC_0000513,/content/drive/MyDrive/Dissertation/edi_faithfulness_localization/edi_fixed_model_faithfulness_localization_isic100_r224_v1/transformed_inputs/dullrazor/ISIC_0000513.png,0.2095450311899185,0.20629297196865082,0.0032520592212676724,0.0,0,0,True,0.2904549688100815,0.2937070280313492
dullrazor,ISIC_0001103,/content/drive/MyDrive/Dissertation/edi_faithfulness_localization/edi_fixed_model_faithfulness_localization_isic100_r224_v1/transformed_inputs/dullrazor/ISIC_0001103.png,0.9362213611602784,0.9373107552528381,0.0010893940925597034,0.0,1,1,True,0.43622136116027843,0.43731075525283813
dullrazor,ISIC_0001131,/content/drive/MyDrive/Dissertation/edi_faithfulness_localization/edi_fixed_model_faithfulness_localization_isic100_r224_v1/transformed_inputs/dullrazor/ISIC_0001131.png,0.0031686136499047,0.0031216770876199007,4.693656228479948e-05,0.0,0,0,True,0.49683138635009527,0.4968783229123801
dullrazor,ISIC_0001133,/content/drive/MyDrive/Dissertation/edi_faithfulness_localization/edi_fixed_model_faithfulness_localization_isic100_r224_v1/transformed_inputs/dullrazor/ISIC_0001133.png,0.0497671291232109,0.049741409718990326,2.5719404220574116e-05,0.0,0,0,True,0.4502328708767891,0.4502585902810097
dullrazor,ISIC_0001242,/content/drive/MyDrive/Dissertation/edi_faithfulness_localization/edi_fixed_model_faithfulness_localization_isic100_r224_v1/transformed_inputs/dullrazor/ISIC_0001242.png,0.9724262356758118,0.9725064039230347,8.016824722290039e-05,0.0,1,1,True,0.47242623567581177,0.47250640392303467
dullrazor,ISIC_0001372,/content/drive/MyDrive/Dissertation/edi_faithfulness_localization/edi_fixed_model_faithfulness_localization_isic100_r224_v1/transformed_inputs/dullrazor/ISIC_0001372.png,0.514523983001709,0.511176347732544,0.003347635269165039,0.0,1,1,True,0.014523983001708984,0.011176347732543945
dullrazor,ISIC_0003559,/content/drive/MyDrive/Dissertation/edi_faithfulness_localization/edi_fixed_model_faithfulness_localization_isic100_r224_v1/transformed_inputs/dullrazor/ISIC_0003559.png,0.7986218333244324,0.803619384765625,0.004997551441192627,0.0,1,1,True,0.2986218333244324,0.303619384765625
dullrazor,ISIC_0006776,/content/drive/MyDrive/Dissertation/edi_faithfulness_localization/edi_fixed_model_faithfulness_localization_isic100_r224_v1/transformed_inputs/dullrazor/ISIC_0006776.png,0.815373420715332,0.8130661845207214,0.0023072361946105957,0.0,1,1,True,0.31537342071533203,0.31306618452072144
dullrazor,ISIC_0006982,/content/drive/MyDrive/Dissertation/edi_faithfulness_localization/edi_fixed_model_faithfulness_localization_isic100_r224_v1/transformed_inputs/dullrazor/ISIC_0006982.png,0.9717563390731812,0.9709910154342651,0.0007653236389160156,0.0,1,1,True,0.47175633907318115,0.47099101543426514
dullrazor,ISIC_0007038,/content/drive/MyDrive/Dissertation/edi_faithfulness_localization/edi_fixed_model_faithfulness_localization_isic100_r224_v1/transformed_inputs/dullrazor/ISIC_0007038.png,0.9597763419151306,0.9604016542434692,0.000625312328338623,0.0,1,1,True,0.4597763419151306,0.46040165424346924
dullrazor,ISIC_0009298,/content/drive/MyDrive/Dissertation/edi_faithfulness_localization/edi_fixed_model_faithfulness_localization_isic100_r224_v1/transformed_inputs/dullrazor/ISIC_0009298.png,0.3473796248435974,0.34531915187835693,0.0020604729652404785,0.0,0,0,True,0.1526203751564026,0.15468084812164307
dullrazor,ISIC_0009898,/content/drive/MyDrive/Dissertation/edi_faithfulness_localization/edi_fixed_model_faithfulness_localization_isic100_r224_v1/transformed_inputs/dullrazor/ISIC_0009898.png,0.4329599142074585,0.4272119402885437,0.005747973918914795,0.0,0,0,True,0.0670400857925415,0.0727880597114563
dullrazor,ISIC_0009931,/content/drive/MyDrive/Dissertation/edi_faithfulness_localization/edi_fixed_model_faithfulness_localization_isic100_r224_v1/transformed_inputs/dullrazor/ISIC_0009931.png,0.0050899903289973,0.0048307254910469055,0.00025926483795039434,0.0,0,0,True,0.4949100096710027,0.4951692745089531
dullrazor,ISIC_0009934,/content/drive/MyDrive/Dissertation/edi_faithfulness_localization/edi_fixed_model_faithfulness_localization_isic100_r224_v1/transformed_inputs/dullrazor/ISIC_0009934.png,0.2142225354909896,0.21512384712696075,0.0009013116359711526,0.0,0,0,True,0.2857774645090104,0.28487615287303925
dullrazor,ISIC_0009960,/content/drive/MyDrive/Dissertation/edi_faithfulness_localization/edi_fixed_model_faithfulness_localization_isic100_r224_v1/transformed_inputs/dullrazor/ISIC_0009960.png,0.684899091720581,0.6866405606269836,0.0017414689064025879,0.0,1,1,True,0.18489909172058105,0.18664056062698364
dullrazor,ISIC_0009979,/content/drive/MyDrive/Dissertation/edi_faithfulness_localization/edi_fixed_model_faithfulness_localization_isic100_r224_v1/transformed_inputs/dullrazor/ISIC_0009979.png,0.5214026570320129,0.5249191522598267,0.0035164952278137207,0.0,1,1,True,0.02140265703201294,0.02491915225982666
dullrazor,ISIC_0010090,/content/drive/MyDrive/Dissertation/edi_faithfulness_localization/edi_fixed_model_faithfulness_localization_isic100_r224_v1/transformed_inputs/dullrazor/ISIC_0010090.png,0.9714142680168152,0.9717652201652527,0.0003509521484375,0.0,1,1,True,0.4714142680168152,0.4717652201652527
dullrazor,ISIC_0010100,/content/drive/MyDrive/Dissertation/edi_faithfulness_localization/edi_fixed_model_faithfulness_localization_isic100_r224_v1/transformed_inputs/dullrazor/ISIC_0010100.png,0.086990587413311,0.08650166541337967,0.0004889219999313354,0.0,0,0,True,0.413009412586689,0.41349833458662033
dullrazor,ISIC_0010175,/content/drive/MyDrive/Dissertation/edi_faithfulness_localization/edi_fixed_model_faithfulness_localization_isic100_r224_v1/transformed_inputs/dullrazor/ISIC_0010175.png,0.0027542347088456,0.0027144276537001133,3.980705514548691e-05,0.0,0,0,True,0.4972457652911544,0.4972855723462999
dullrazor,ISIC_0010212,/content/drive/MyDrive/Dissertation/edi_faithfulness_localization/edi_fixed_model_faithfulness_localization_isic100_r224_v1/transformed_inputs/dullrazor/ISIC_0010212.png,0.012998821213841402,0.012676546350121498,0.00032227486371990376,0.0,0,0,True,0.4870011787861586,0.4873234536498785
dullrazor,ISIC_0010225,/content/drive/MyDrive/Dissertation/edi_faithfulness_localization/edi_fixed_model_faithfulness_localization_isic100_r224_v1/transformed_inputs/dullrazor/ISIC_0010225.png,0.2237366288900375,0.2209526002407074,0.0027840286493301114,0.0,0,0,True,0.27626337110996246,0.2790473997592926
dullrazor,ISIC_0010334,/content/drive/MyDrive/Dissertation/edi_faithfulness_localization/edi_fixed_model_faithfulness_localization_isic100_r224_v1/transformed_inputs/dullrazor/ISIC_0010334.png,0.024080479517579,0.023974036797881126,0.00010644271969787247,0.0,0,0,True,0.475919520482421,0.4760259632021189
dullrazor,ISIC_0010570,/content/drive/MyDrive/Dissertation/edi_faithfulness_localization/edi_fixed_model_faithfulness_localization_isic100_r224_v1/transformed_inputs/dullrazor/ISIC_0010570.png,0.0361881256103515,0.03675005957484245,0.000561933964490953,0.0,0,0,True,0.4638118743896485,0.46324994042515755
dullrazor,ISIC_0010596,/content/drive/MyDrive/Dissertation/edi_faithfulness_localization/edi_fixed_model_faithfulness_localization_isic100_r224_v1/transformed_inputs/dullrazor/ISIC_0010596.png,0.0073958276771008,0.007489684969186783,9.385729208598315e-05,0.0,0,0,True,0.4926041723228992,0.4925103150308132
dullrazor,ISIC_0010863,/content/drive/MyDrive/Dissertation/edi_faithfulness_localization/edi_fixed_model_faithfulness_localization_isic100_r224_v1/transformed_inputs/dullrazor/ISIC_0010863.png,0.0186906643211841,0.018124746158719063,0.0005659181624650365,0.0,0,0,True,0.4813093356788159,0.48187525384128094
dullrazor,ISIC_0011158,/content/drive/MyDrive/Dissertation/edi_faithfulness_localization/edi_fixed_model_faithfulness_localization_isic100_r224_v1/transformed_inputs/dullrazor/ISIC_0011158.png,0.0068611060269176,0.0069876001216471195,0.0001264940947295198,0.0,0,0,True,0.4931388939730824,0.4930123998783529
dullrazor,ISIC_0011173,/content/drive/MyDrive/Dissertation/edi_faithfulness_localization/edi_fixed_model_faithfulness_localization_isic100_r224_v1/transformed_inputs/dullrazor/ISIC_0011173.png,0.9579867124557496,0.9577243328094482,0.00026237964630138055,0.0,1,1,True,0.4579867124557496,0.45772433280944824
dullrazor,ISIC_0011383,/content/drive/MyDrive/Dissertation/edi_faithfulness_localization/edi_fixed_model_faithfulness_localization_isic100_r224_v1/transformed_inputs/dullrazor/ISIC_0011383.png,0.8376390337944031,0.8393413424491882,0.0017023086547851562,0.0,1,1,True,0.3376390337944031,0.33934134244918823
dullrazor,ISIC_0012086,/content/drive/MyDrive/Dissertation/edi_faithfulness_localization/edi_fixed_model_faithfulness_localization_isic100_r224_v1/transformed_inputs/dullrazor/ISIC_0012086.png,0.2297210842370987,0.22446350753307343,0.0052575767040252686,0.0,0,0,True,0.2702789157629013,0.2755364924669266
dullrazor,ISIC_0012356,/content/drive/MyDrive/Dissertation/edi_faithfulness_localization/edi_fixed_model_faithfulness_localization_isic100_r224_v1/transformed_inputs/dullrazor/ISIC_0012356.png,0.6406659483909607,0.6387725472450256,0.0018934011459350586,0.0,1,1,True,0.1406659483909607,0.13877254724502563
dullrazor,ISIC_0012395,/content/drive/MyDrive/Dissertation/edi_faithfulness_localization/edi_fixed_model_faithfulness_localization_isic100_r224_v1/transformed_inputs/dullrazor/ISIC_0012395.png,0.5818083882331848,0.581169605255127,0.0006387829780578613,0.0,1,1,True,0.08180838823318481,0.08116960525512695
dullrazor,ISIC_0012701,/content/drive/MyDrive/Dissertation/edi_faithfulness_localization/edi_fixed_model_faithfulness_localization_isic100_r224_v1/transformed_inputs/dullrazor/ISIC_0012701.png,0.9980766773223876,0.998027503490448,4.917383193958624e-05,0.0,1,1,True,0.4980766773223876,0.498027503490448
dullrazor,ISIC_0012705,/content/drive/MyDrive/Dissertation/edi_faithfulness_localization/edi_fixed_model_faithfulness_localization_isic100_r224_v1/transformed_inputs/dullrazor/ISIC_0012705.png,0.803437352180481,0.8012020587921143,0.0022352933883666992,0.0,1,1,True,0.30343735218048096,0.30120205879211426
dullrazor,ISIC_0012840,/content/drive/MyDrive/Dissertation/edi_faithfulness_localization/edi_fixed_model_faithfulness_localization_isic100_r224_v1/transformed_inputs/dullrazor/ISIC_0012840.png,0.8827626705169678,0.8799291849136353,0.0028334856033325195,0.0,1,1,True,0.3827626705169678,0.37992918491363525
dullrazor,ISIC_0012877,/content/drive/MyDrive/Dissertation/edi_faithfulness_localization/edi_fixed_model_faithfulness_localization_isic100_r224_v1/transformed_inputs/dullrazor/ISIC_0012877.png,0.944844663143158,0.9442140460014343,0.0006306171417236328,0.0,1,1,True,0.44484466314315796,0.4442140460014343
dullrazor,ISIC_0012930,/content/drive/MyDrive/Dissertation/edi_faithfulness_localization/edi_fixed_model_faithfulness_localization_isic100_r224_v1/transformed_inputs/dullrazor/ISIC_0012930.png,0.9907895922660828,0.990957498550415,0.0001679062843322754,0.0,1,1,True,0.49078959226608276,0.49095749855041504
dullrazor,ISIC_0012949,/content/drive/MyDrive/Dissertation/edi_faithfulness_localization/edi_fixed_model_faithfulness_localization_isic100_r224_v1/transformed_inputs/dullrazor/ISIC_0012949.png,0.9608423709869384,0.9611934423446655,0.0003510713577271618,0.0,1,1,True,0.46084237098693837,0.4611934423446655
dullrazor,ISIC_0012966,/content/drive/MyDrive/Dissertation/edi_faithfulness_localization/edi_fixed_model_faithfulness_localization_isic100_r224_v1/transformed_inputs/dullrazor/ISIC_0012966.png,0.6186083555221558,0.622627317905426,0.004018962383270264,0.0,1,1,True,0.11860835552215576,0.12262731790542603
dullrazor,ISIC_0013079,/content/drive/MyDrive/Dissertation/edi_faithfulness_localization/edi_fixed_model_faithfulness_localization_isic100_r224_v1/transformed_inputs/dullrazor/ISIC_0013079.png,0.810138463973999,0.8140425086021423,0.0039040446281433105,0.0,1,1,True,0.310138463973999,0.31404250860214233
dullrazor,ISIC_0013147,/content/drive/MyDrive/Dissertation/edi_faithfulness_localization/edi_fixed_model_faithfulness_localization_isic100_r224_v1/transformed_inputs/dullrazor/ISIC_0013147.png,0.9971278309822084,0.9971579313278198,3.0100345611461243e-05,0.0,1,1,True,0.49712783098220836,0.4971579313278198
dullrazor,ISIC_0013177,/content/drive/MyDrive/Dissertation/edi_faithfulness_localization/edi_fixed_model_faithfulness_localization_isic100_r224_v1/transformed_inputs/dullrazor/ISIC_0013177.png,0.6570244431495667,0.6523956060409546,0.0046288371086120605,0.0,1,1,True,0.15702444314956665,0.1523956060409546
dullrazor,ISIC_0013223,/content/drive/MyDrive/Dissertation/edi_faithfulness_localization/edi_fixed_model_faithfulness_localization_isic100_r224_v1/transformed_inputs/dullrazor/ISIC_0013223.png,0.9851518869400024,0.9849938154220581,0.00015807151794433594,0.0,1,1,True,0.48515188694000244,0.4849938154220581
dullrazor,ISIC_0013258,/content/drive/MyDrive/Dissertation/edi_faithfulness_localization/edi_fixed_model_faithfulness_localization_isic100_r224_v1/transformed_inputs/dullrazor/ISIC_0013258.png,0.997882068157196,0.9978768825531006,5.185604095458984e-06,0.0,1,1,True,0.49788206815719604,0.4978768825531006
dullrazor,ISIC_0013429,/content/drive/MyDrive/Dissertation/edi_faithfulness_localization/edi_fixed_model_faithfulness_localization_isic100_r224_v1/transformed_inputs/dullrazor/ISIC_0013429.png,0.9303784966468812,0.930850088596344,0.0004715919494627796,0.0,1,1,True,0.4303784966468812,0.430850088596344
dullrazor,ISIC_0013501,/content/drive/MyDrive/Dissertation/edi_faithfulness_localization/edi_fixed_model_faithfulness_localization_isic100_r224_v1/transformed_inputs/dullrazor/ISIC_0013501.png,0.9173077940940856,0.9183536767959595,0.0010458827018738903,0.0,1,1,True,0.4173077940940856,0.4183536767959595
dullrazor,ISIC_0013663,/content/drive/MyDrive/Dissertation/edi_faithfulness_localization/edi_fixed_model_faithfulness_localization_isic100_r224_v1/transformed_inputs/dullrazor/ISIC_0013663.png,0.880703866481781,0.880332350730896,0.00037151575088500977,0.0,1,1,True,0.380703866481781,0.380332350730896
dullrazor,ISIC_0013739,/content/drive/MyDrive/Dissertation/edi_faithfulness_localization/edi_fixed_model_faithfulness_localization_isic100_r224_v1/transformed_inputs/dullrazor/ISIC_0013739.png,0.9800801277160645,0.9802513718605042,0.00017124414443969727,0.0,1,1,True,0.48008012771606445,0.48025137186050415
dullrazor,ISIC_0013807,/content/drive/MyDrive/Dissertation/edi_faithfulness_localization/edi_fixed_model_faithfulness_localization_isic100_r224_v1/transformed_inputs/dullrazor/ISIC_0013807.png,0.9783619046211244,0.9786044359207153,0.00024253129959095343,0.0,1,1,True,0.4783619046211244,0.47860443592071533
dullrazor,ISIC_0013828,/content/drive/MyDrive/Dissertation/edi_faithfulness_localization/edi_fixed_model_faithfulness_localization_isic100_r224_v1/transformed_inputs/dullrazor/ISIC_0013828.png,0.7620758414268494,0.7577778697013855,0.004297971725463867,0.0,1,1,True,0.26207584142684937,0.2577778697013855
dullrazor,ISIC_0013844,/content/drive/MyDrive/Dissertation/edi_faithfulness_localization/edi_fixed_model_faithfulness_localization_isic100_r224_v1/transformed_inputs/dullrazor/ISIC_0013844.png,0.859851598739624,0.8603112697601318,0.0004596710205078125,0.0,1,1,True,0.359851598739624,0.36031126976013184
dullrazor,ISIC_0013867,/content/drive/MyDrive/Dissertation/edi_faithfulness_localization/edi_fixed_model_faithfulness_localization_isic100_r224_v1/transformed_inputs/dullrazor/ISIC_0013867.png,0.8325767517089844,0.8291645646095276,0.003412187099456787,0.0,1,1,True,0.3325767517089844,0.3291645646095276
dullrazor,ISIC_0013929,/content/drive/MyDrive/Dissertation/edi_faithfulness_localization/edi_fixed_model_faithfulness_localization_isic100_r224_v1/transformed_inputs/dullrazor/ISIC_0013929.png,0.9859703183174132,0.9859293103218079,4.100799560535773e-05,0.0,1,1,True,0.4859703183174132,0.48592931032180786
dullrazor,ISIC_0013987,/content/drive/MyDrive/Dissertation/edi_faithfulness_localization/edi_fixed_model_faithfulness_localization_isic100_r224_v1/transformed_inputs/dullrazor/ISIC_0013987.png,0.8242260217666626,0.8267257213592529,0.002499699592590332,0.0,1,1,True,0.3242260217666626,0.32672572135925293
dullrazor,ISIC_0014092,/content/drive/MyDrive/Dissertation/edi_faithfulness_localization/edi_fixed_model_faithfulness_localization_isic100_r224_v1/transformed_inputs/dullrazor/ISIC_0014092.png,0.9782127737998962,0.9781686663627625,4.410743713378906e-05,0.0,1,1,True,0.47821277379989624,0.47816866636276245
dullrazor,ISIC_0014114,/content/drive/MyDrive/Dissertation/edi_faithfulness_localization/edi_fixed_model_faithfulness_localization_isic100_r224_v1/transformed_inputs/dullrazor/ISIC_0014114.png,0.6859079599380493,0.6861577033996582,0.0002497434616088867,0.0,1,1,True,0.18590795993804932,0.1861577033996582
dullrazor,ISIC_0014136,/content/drive/MyDrive/Dissertation/edi_faithfulness_localization/edi_fixed_model_faithfulness_localization_isic100_r224_v1/transformed_inputs/dullrazor/ISIC_0014136.png,0.478514701128006,0.47832074761390686,0.0001939535140991211,0.0,0,0,True,0.02148529887199402,0.02167925238609314
dullrazor,ISIC_0014169,/content/drive/MyDrive/Dissertation/edi_faithfulness_localization/edi_fixed_model_faithfulness_localization_isic100_r224_v1/transformed_inputs/dullrazor/ISIC_0014169.png,0.9900854825973512,0.9901469349861145,6.145238876331671e-05,0.0,1,1,True,0.4900854825973512,0.4901469349861145
dullrazor,ISIC_0014173,/content/drive/MyDrive/Dissertation/edi_faithfulness_localization/edi_fixed_model_faithfulness_localization_isic100_r224_v1/transformed_inputs/dullrazor/ISIC_0014173.png,0.9887396693229676,0.988763689994812,2.40206718443714e-05,0.0,1,1,True,0.48873966932296764,0.488763689994812
dullrazor,ISIC_0014185,/content/drive/MyDrive/Dissertation/edi_faithfulness_localization/edi_fixed_model_faithfulness_localization_isic100_r224_v1/transformed_inputs/dullrazor/ISIC_0014185.png,0.9915369749069214,0.9915453791618347,8.404254913330078e-06,0.0,1,1,True,0.4915369749069214,0.4915453791618347
dullrazor,ISIC_0014255,/content/drive/MyDrive/Dissertation/edi_faithfulness_localization/edi_fixed_model_faithfulness_localization_isic100_r224_v1/transformed_inputs/dullrazor/ISIC_0014255.png,0.942962408065796,0.9441842436790466,0.0012218356132506214,0.0,1,1,True,0.442962408065796,0.44418424367904663
dullrazor,ISIC_0014317,/content/drive/MyDrive/Dissertation/edi_faithfulness_localization/edi_fixed_model_faithfulness_localization_isic100_r224_v1/transformed_inputs/dullrazor/ISIC_0014317.png,0.8708698749542236,0.8697845935821533,0.0010852813720703125,0.0,1,1,True,0.37086987495422363,0.3697845935821533
dullrazor,ISIC_0014328,/content/drive/MyDrive/Dissertation/edi_faithfulness_localization/edi_fixed_model_faithfulness_localization_isic100_r224_v1/transformed_inputs/dullrazor/ISIC_0014328.png,0.9951125383377076,0.9951097369194031,2.8014183045543817e-06,0.0,1,1,True,0.49511253833770763,0.4951097369194031
dullrazor,ISIC_0014395,/content/drive/MyDrive/Dissertation/edi_faithfulness_localization/edi_fixed_model_faithfulness_localization_isic100_r224_v1/transformed_inputs/dullrazor/ISIC_0014395.png,0.3717458844184875,0.37527111172676086,0.003525227308273371,0.0,0,0,True,0.1282541155815125,0.12472888827323914
dullrazor,ISIC_0014480,/content/drive/MyDrive/Dissertation/edi_faithfulness_localization/edi_fixed_model_faithfulness_localization_isic100_r224_v1/transformed_inputs/dullrazor/ISIC_0014480.png,0.9931673407554626,0.9930052161216736,0.0001621246337890625,0.0,1,1,True,0.49316734075546265,0.4930052161216736
dullrazor,ISIC_0014684,/content/drive/MyDrive/Dissertation/edi_faithfulness_localization/edi_fixed_model_faithfulness_localization_isic100_r224_v1/transformed_inputs/dullrazor/ISIC_0014684.png,0.386751115322113,0.3835843503475189,0.0031667649745940607,0.0,0,0,True,0.11324888467788702,0.11641564965248108
dullrazor,ISIC_0014720,/content/drive/MyDrive/Dissertation/edi_faithfulness_localization/edi_fixed_model_faithfulness_localization_isic100_r224_v1/transformed_inputs/dullrazor/ISIC_0014720.png,0.21598950028419486,0.214138001203537,0.0018514990806578757,0.0,0,0,True,0.28401049971580516,0.285861998796463
dullrazor,ISIC_0014746,/content/drive/MyDrive/Dissertation/edi_faithfulness_localization/edi_fixed_model_faithfulness_localization_isic100_r224_v1/transformed_inputs/dullrazor/ISIC_0014746.png,0.0406127087771892,0.03992844745516777,0.0006842613220214289,0.0,0,0,True,0.4593872912228108,0.46007155254483223
dullrazor,ISIC_0014795,/content/drive/MyDrive/Dissertation/edi_faithfulness_localization/edi_fixed_model_faithfulness_localization_isic100_r224_v1/transformed_inputs/dullrazor/ISIC_0014795.png,0.5444220304489136,0.547169029712677,0.0027469992637634277,0.0,1,1,True,0.044422030448913574,0.047169029712677
dullrazor,ISIC_0014911,/content/drive/MyDrive/Dissertation/edi_faithfulness_localization/edi_fixed_model_faithfulness_localization_isic100_r224_v1/transformed_inputs/dullrazor/ISIC_0014911.png,0.0844125524163246,0.08448334783315659,7.079541683198409e-05,0.0,0,0,True,0.4155874475836754,0.4155166521668434
dullrazor,ISIC_0014975,/content/drive/MyDrive/Dissertation/edi_faithfulness_localization/edi_fixed_model_faithfulness_localization_isic100_r224_v1/transformed_inputs/dullrazor/ISIC_0014975.png,0.16857072710990897,0.16993291676044464,0.0013621896505356668,0.0,0,0,True,0.33142927289009105,0.33006708323955536
dullrazor,ISIC_0014982,/content/drive/MyDrive/Dissertation/edi_faithfulness_localization/edi_fixed_model_faithfulness_localization_isic100_r224_v1/transformed_inputs/dullrazor/ISIC_0014982.png,0.3727753460407257,0.3683788478374481,0.004396498203277588,0.0,0,0,True,0.1272246539592743,0.13162115216255188
dullrazor,ISIC_0015032,/content/drive/MyDrive/Dissertation/edi_faithfulness_localization/edi_fixed_model_faithfulness_localization_isic100_r224_v1/transformed_inputs/dullrazor/ISIC_0015032.png,0.5642023682594299,0.5702157616615295,0.006013393402099609,0.0,1,1,True,0.06420236825942993,0.07021576166152954
dullrazor,ISIC_0015056,/content/drive/MyDrive/Dissertation/edi_faithfulness_localization/edi_fixed_model_faithfulness_localization_isic100_r224_v1/transformed_inputs/dullrazor/ISIC_0015056.png,0.0388983376324176,0.03826120123267174,0.0006371363997458648,0.0,0,0,True,0.4611016623675824,0.46173879876732826
dullrazor,ISIC_0015127,/content/drive/MyDrive/Dissertation/edi_faithfulness_localization/edi_fixed_model_faithfulness_localization_isic100_r224_v1/transformed_inputs/dullrazor/ISIC_0015127.png,0.1503399163484573,0.15085266530513763,0.0005127489566803256,0.0,0,0,True,0.34966008365154266,0.34914733469486237
dullrazor,ISIC_0015158,/content/drive/MyDrive/Dissertation/edi_faithfulness_localization/edi_fixed_model_faithfulness_localization_isic100_r224_v1/transformed_inputs/dullrazor/ISIC_0015158.png,0.5871255993843079,0.594139575958252,0.007013976573944092,0.0,1,1,True,0.08712559938430786,0.09413957595825195
dullrazor,ISIC_0015166,/content/drive/MyDrive/Dissertation/edi_faithfulness_localization/edi_fixed_model_faithfulness_localization_isic100_r224_v1/transformed_inputs/dullrazor/ISIC_0015166.png,0.0652175173163414,0.06707263737916946,0.001855120062828064,0.0,0,0,True,0.4347824826836586,0.43292736262083054
dullrazor,ISIC_0015206,/content/drive/MyDrive/Dissertation/edi_faithfulness_localization/edi_fixed_model_faithfulness_localization_isic100_r224_v1/transformed_inputs/dullrazor/ISIC_0015206.png,0.011636996641755099,0.011659658513963223,2.2661872208123643e-05,0.0,0,0,True,0.4883630033582449,0.4883403414860368
dullrazor,ISIC_0015211,/content/drive/MyDrive/Dissertation/edi_faithfulness_localization/edi_fixed_model_faithfulness_localization_isic100_r224_v1/transformed_inputs/dullrazor/ISIC_0015211.png,0.092072993516922,0.08960586041212082,0.002467133104801178,0.0,0,0,True,0.407927006483078,0.4103941395878792
dullrazor,ISIC_0015215,/content/drive/MyDrive/Dissertation/edi_faithfulness_localization/edi_fixed_model_faithfulness_localization_isic100_r224_v1/transformed_inputs/dullrazor/ISIC_0015215.png,0.993940532207489,0.9940435290336609,0.000102996826171875,0.0,1,1,True,0.493940532207489,0.4940435290336609
dullrazor,ISIC_0015251,/content/drive/MyDrive/Dissertation/edi_faithfulness_localization/edi_fixed_model_faithfulness_localization_isic100_r224_v1/transformed_inputs/dullrazor/ISIC_0015251.png,0.0087305968627333,0.008502108976244926,0.00022848788648837347,0.0,0,0,True,0.4912694031372667,0.4914978910237551
dullrazor,ISIC_0015256,/content/drive/MyDrive/Dissertation/edi_faithfulness_localization/edi_fixed_model_faithfulness_localization_isic100_r224_v1/transformed_inputs/dullrazor/ISIC_0015256.png,0.1659621447324752,0.16620825231075287,0.00024610757827767116,0.0,0,0,True,0.33403785526752483,0.33379174768924713
dullrazor,ISIC_0015284,/content/drive/MyDrive/Dissertation/edi_faithfulness_localization/edi_fixed_model_faithfulness_localization_isic100_r224_v1/transformed_inputs/dullrazor/ISIC_0015284.png,0.1120771244168281,0.11202254891395569,5.457550287241153e-05,0.0,0,0,True,0.3879228755831719,0.3879774510860443
dullrazor,ISIC_0015476,/content/drive/MyDrive/Dissertation/edi_faithfulness_localization/edi_fixed_model_faithfulness_localization_isic100_r224_v1/transformed_inputs/dullrazor/ISIC_0015476.png,0.0120018534362316,0.012227531522512436,0.00022567808628083663,0.0,0,0,True,0.4879981465637684,0.48777246847748756
dullrazor,ISIC_0015563,/content/drive/MyDrive/Dissertation/edi_faithfulness_localization/edi_fixed_model_faithfulness_localization_isic100_r224_v1/transformed_inputs/dullrazor/ISIC_0015563.png,0.7285610437393188,0.7289248704910278,0.0003638267517089844,0.0,1,1,True,0.22856104373931885,0.22892487049102783
dullrazor,ISIC_0015963,/content/drive/MyDrive/Dissertation/edi_faithfulness_localization/edi_fixed_model_faithfulness_localization_isic100_r224_v1/transformed_inputs/dullrazor/ISIC_0015963.png,0.9903559684753418,0.990446925163269,9.09566879272461e-05,0.0,1,1,True,0.4903559684753418,0.49044692516326904
dullrazor,ISIC_0015964,/content/drive/MyDrive/Dissertation/edi_faithfulness_localization/edi_fixed_model_faithfulness_localization_isic100_r224_v1/transformed_inputs/dullrazor/ISIC_0015964.png,0.9936208128929138,0.9935316443443298,8.916854858398438e-05,0.0,1,1,True,0.4936208128929138,0.49353164434432983
dullrazor,ISIC_0015986,/content/drive/MyDrive/Dissertation/edi_faithfulness_localization/edi_fixed_model_faithfulness_localization_isic100_r224_v1/transformed_inputs/dullrazor/ISIC_0015986.png,0.9615506529808044,0.961509644985199,4.100799560546875e-05,0.0,1,1,True,0.46155065298080444,0.461509644985199
navier_stokes,ISIC_0000013,/content/drive/MyDrive/Dissertation/edi_faithfulness_localization/edi_fixed_model_faithfulness_localization_isic100_r224_v1/transformed_inputs/navier_stokes/ISIC_0000013.png,0.0206749979406595,0.020191634073853493,0.000483363866806006,0.0,0,0,True,0.4793250020593405,0.4798083659261465
navier_stokes,ISIC_0000031,/content/drive/MyDrive/Dissertation/edi_faithfulness_localization/edi_fixed_model_faithfulness_localization_isic100_r224_v1/transformed_inputs/navier_stokes/ISIC_0000031.png,0.1321333944797516,0.130416139960289,0.0017172545194625854,0.0,0,0,True,0.3678666055202484,0.369583860039711
navier_stokes,ISIC_0000047,/content/drive/MyDrive/Dissertation/edi_faithfulness_localization/edi_fixed_model_faithfulness_localization_isic100_r224_v1/transformed_inputs/navier_stokes/ISIC_0000047.png,0.1330480575561523,0.1319635808467865,0.0010844767093657892,0.0,0,0,True,0.3669519424438477,0.3680364191532135
navier_stokes,ISIC_0000125,/content/drive/MyDrive/Dissertation/edi_faithfulness_localization/edi_fixed_model_faithfulness_localization_isic100_r224_v1/transformed_inputs/navier_stokes/ISIC_0000125.png,0.9927489161491394,0.9927831888198853,3.427267074584961e-05,0.0,1,1,True,0.4927489161491394,0.49278318881988525
navier_stokes,ISIC_0000159,/content/drive/MyDrive/Dissertation/edi_faithfulness_localization/edi_fixed_model_faithfulness_localization_isic100_r224_v1/transformed_inputs/navier_stokes/ISIC_0000159.png,0.112721748650074,0.11570321023464203,0.0029814615845680237,0.0,0,0,True,0.387278251349926,0.38429678976535797
navier_stokes,ISIC_0000175,/content/drive/MyDrive/Dissertation/edi_faithfulness_localization/edi_fixed_model_faithfulness_localization_isic100_r224_v1/transformed_inputs/navier_stokes/ISIC_0000175.png,0.0762349367141723,0.07513069361448288,0.0011042430996894143,0.0,0,0,True,0.4237650632858277,0.4248693063855171
navier_stokes,ISIC_0000276,/content/drive/MyDrive/Dissertation/edi_faithfulness_localization/edi_fixed_model_faithfulness_localization_isic100_r224_v1/transformed_inputs/navier_stokes/ISIC_0000276.png,0.4731645286083221,0.473344087600708,0.00017955899238591977,0.0,0,0,True,0.026835471391677912,0.026655912399291992
navier_stokes,ISIC_0000298,/content/drive/MyDrive/Dissertation/edi_faithfulness_localization/edi_fixed_model_faithfulness_localization_isic100_r224_v1/transformed_inputs/navier_stokes/ISIC_0000298.png,0.4296669960021972,0.43209171295166016,0.002424716949462946,0.0,0,0,True,0.07033300399780279,0.06790828704833984
navier_stokes,ISIC_0000303,/content/drive/MyDrive/Dissertation/edi_faithfulness_localization/edi_fixed_model_faithfulness_localization_isic100_r224_v1/transformed_inputs/navier_stokes/ISIC_0000303.png,0.1276174932718277,0.12734335660934448,0.00027413666248321533,0.0,0,0,True,0.3723825067281723,0.3726566433906555
navier_stokes,ISIC_0000384,/content/drive/MyDrive/Dissertation/edi_faithfulness_localization/edi_fixed_model_faithfulness_localization_isic100_r224_v1/transformed_inputs/navier_stokes/ISIC_0000384.png,0.7262336611747742,0.7140651345252991,0.012168526649475098,0.0,1,1,True,0.22623366117477417,0.21406513452529907
navier_stokes,ISIC_0000420,/content/drive/MyDrive/Dissertation/edi_faithfulness_localization/edi_fixed_model_faithfulness_localization_isic100_r224_v1/transformed_inputs/navier_stokes/ISIC_0000420.png,0.7729648947715759,0.7740289568901062,0.0010640621185302734,0.0,1,1,True,0.2729648947715759,0.2740289568901062
navier_stokes,ISIC_0000482,/content/drive/MyDrive/Dissertation/edi_faithfulness_localization/edi_fixed_model_faithfulness_localization_isic100_r224_v1/transformed_inputs/navier_stokes/ISIC_0000482.png,0.2705298960208893,0.26076164841651917,0.009768247604370117,0.0,0,0,True,0.22947010397911072,0.23923835158348083
navier_stokes,ISIC_0000510,/content/drive/MyDrive/Dissertation/edi_faithfulness_localization/edi_fixed_model_faithfulness_localization_isic100_r224_v1/transformed_inputs/navier_stokes/ISIC_0000510.png,0.0385063923895359,0.03846714645624161,3.9245933294289326e-05,0.0,0,0,True,0.4614936076104641,0.4615328535437584
navier_stokes,ISIC_0000513,/content/drive/MyDrive/Dissertation/edi_faithfulness_localization/edi_fixed_model_faithfulness_localization_isic100_r224_v1/transformed_inputs/navier_stokes/ISIC_0000513.png,0.2138940244913101,0.21422795951366425,0.00033393502235415373,0.0,0,0,True,0.2861059755086899,0.28577204048633575
navier_stokes,ISIC_0001103,/content/drive/MyDrive/Dissertation/edi_faithfulness_localization/edi_fixed_model_faithfulness_localization_isic100_r224_v1/transformed_inputs/navier_stokes/ISIC_0001103.png,0.9393991231918336,0.9398794174194336,0.00048029422759998663,0.0,1,1,True,0.4393991231918336,0.4398794174194336
navier_stokes,ISIC_0001131,/content/drive/MyDrive/Dissertation/edi_faithfulness_localization/edi_fixed_model_faithfulness_localization_isic100_r224_v1/transformed_inputs/navier_stokes/ISIC_0001131.png,0.0028276056982576,0.0028320958372205496,4.4901389629494436e-06,0.0,0,0,True,0.4971723943017424,0.49716790416277945
navier_stokes,ISIC_0001133,/content/drive/MyDrive/Dissertation/edi_faithfulness_localization/edi_fixed_model_faithfulness_localization_isic100_r224_v1/transformed_inputs/navier_stokes/ISIC_0001133.png,0.0499626547098159,0.04987446591258049,8.818879723541256e-05,0.0,0,0,True,0.4500373452901841,0.4501255340874195
navier_stokes,ISIC_0001242,/content/drive/MyDrive/Dissertation/edi_faithfulness_localization/edi_fixed_model_faithfulness_localization_isic100_r224_v1/transformed_inputs/navier_stokes/ISIC_0001242.png,0.9730457663536072,0.9728464484214783,0.00019931793212890625,0.0,1,1,True,0.4730457663536072,0.47284644842147827
navier_stokes,ISIC_0001372,/content/drive/MyDrive/Dissertation/edi_faithfulness_localization/edi_fixed_model_faithfulness_localization_isic100_r224_v1/transformed_inputs/navier_stokes/ISIC_0001372.png,0.5395094156265259,0.539540708065033,3.129243850708008e-05,0.0,1,1,True,0.03950941562652588,0.03954070806503296
navier_stokes,ISIC_0003559,/content/drive/MyDrive/Dissertation/edi_faithfulness_localization/edi_fixed_model_faithfulness_localization_isic100_r224_v1/transformed_inputs/navier_stokes/ISIC_0003559.png,0.7985663414001465,0.8010933995246887,0.0025270581245422363,0.0,1,1,True,0.2985663414001465,0.3010933995246887
navier_stokes,ISIC_0006776,/content/drive/MyDrive/Dissertation/edi_faithfulness_localization/edi_fixed_model_faithfulness_localization_isic100_r224_v1/transformed_inputs/navier_stokes/ISIC_0006776.png,0.842315137386322,0.8410003185272217,0.0013148188591003418,0.0,1,1,True,0.342315137386322,0.3410003185272217
navier_stokes,ISIC_0006982,/content/drive/MyDrive/Dissertation/edi_faithfulness_localization/edi_fixed_model_faithfulness_localization_isic100_r224_v1/transformed_inputs/navier_stokes/ISIC_0006982.png,0.968526005744934,0.9682976007461548,0.00022840499877918585,0.0,1,1,True,0.46852600574493397,0.4682976007461548
navier_stokes,ISIC_0007038,/content/drive/MyDrive/Dissertation/edi_faithfulness_localization/edi_fixed_model_faithfulness_localization_isic100_r224_v1/transformed_inputs/navier_stokes/ISIC_0007038.png,0.956812620162964,0.957830548286438,0.00101792812347401,0.0,1,1,True,0.456812620162964,0.457830548286438
navier_stokes,ISIC_0009298,/content/drive/MyDrive/Dissertation/edi_faithfulness_localization/edi_fixed_model_faithfulness_localization_isic100_r224_v1/transformed_inputs/navier_stokes/ISIC_0009298.png,0.3473212122917175,0.3460027277469635,0.0013184845447539728,0.0,0,0,True,0.15267878770828253,0.1539972722530365
navier_stokes,ISIC_0009898,/content/drive/MyDrive/Dissertation/edi_faithfulness_localization/edi_fixed_model_faithfulness_localization_isic100_r224_v1/transformed_inputs/navier_stokes/ISIC_0009898.png,0.4199747145175934,0.4146007299423218,0.0053739845752716064,0.0,0,0,True,0.08002528548240662,0.08539927005767822
navier_stokes,ISIC_0009931,/content/drive/MyDrive/Dissertation/edi_faithfulness_localization/edi_fixed_model_faithfulness_localization_isic100_r224_v1/transformed_inputs/navier_stokes/ISIC_0009931.png,0.0046400842256844,0.004416061099618673,0.0002240231260657267,0.0,0,0,True,0.4953599157743156,0.4955839389003813
navier_stokes,ISIC_0009934,/content/drive/MyDrive/Dissertation/edi_faithfulness_localization/edi_fixed_model_faithfulness_localization_isic100_r224_v1/transformed_inputs/navier_stokes/ISIC_0009934.png,0.21173617243766776,0.21087121963500977,0.0008649528026579978,0.0,0,0,True,0.28826382756233226,0.28912878036499023
navier_stokes,ISIC_0009960,/content/drive/MyDrive/Dissertation/edi_faithfulness_localization/edi_fixed_model_faithfulness_localization_isic100_r224_v1/transformed_inputs/navier_stokes/ISIC_0009960.png,0.6920023560523987,0.6930849552154541,0.00108259916305542,0.0,1,1,True,0.19200235605239868,0.1930849552154541
navier_stokes,ISIC_0009979,/content/drive/MyDrive/Dissertation/edi_faithfulness_localization/edi_fixed_model_faithfulness_localization_isic100_r224_v1/transformed_inputs/navier_stokes/ISIC_0009979.png,0.5624833703041077,0.5640074610710144,0.0015240907669067383,0.0,1,1,True,0.062483370304107666,0.0640074610710144
navier_stokes,ISIC_0010090,/content/drive/MyDrive/Dissertation/edi_faithfulness_localization/edi_fixed_model_faithfulness_localization_isic100_r224_v1/transformed_inputs/navier_stokes/ISIC_0010090.png,0.971478283405304,0.9718048572540283,0.00032657384872436523,0.0,1,1,True,0.47147828340530396,0.4718048572540283
navier_stokes,ISIC_0010100,/content/drive/MyDrive/Dissertation/edi_faithfulness_localization/edi_fixed_model_faithfulness_localization_isic100_r224_v1/transformed_inputs/navier_stokes/ISIC_0010100.png,0.08829987794160839,0.08709795027971268,0.0012019276618957103,0.0,0,0,True,0.4117001220583916,0.4129020497202873
navier_stokes,ISIC_0010175,/content/drive/MyDrive/Dissertation/edi_faithfulness_localization/edi_fixed_model_faithfulness_localization_isic100_r224_v1/transformed_inputs/navier_stokes/ISIC_0010175.png,0.0027139654848724,0.0027260417118668556,1.2076226994455538e-05,0.0,0,0,True,0.4972860345151276,0.49727395828813314
navier_stokes,ISIC_0010212,/content/drive/MyDrive/Dissertation/edi_faithfulness_localization/edi_fixed_model_faithfulness_localization_isic100_r224_v1/transformed_inputs/navier_stokes/ISIC_0010212.png,0.011976108886301498,0.011750269681215286,0.00022583920508621215,0.0,0,0,True,0.4880238911136985,0.4882497303187847
navier_stokes,ISIC_0010225,/content/drive/MyDrive/Dissertation/edi_faithfulness_localization/edi_fixed_model_faithfulness_localization_isic100_r224_v1/transformed_inputs/navier_stokes/ISIC_0010225.png,0.229426622390747,0.22734160721302032,0.0020850151777266623,0.0,0,0,True,0.27057337760925304,0.2726583927869797
navier_stokes,ISIC_0010334,/content/drive/MyDrive/Dissertation/edi_faithfulness_localization/edi_fixed_model_faithfulness_localization_isic100_r224_v1/transformed_inputs/navier_stokes/ISIC_0010334.png,0.0227937866002321,0.022940265014767647,0.00014647841453554675,0.0,0,0,True,0.4772062133997679,0.47705973498523235
navier_stokes,ISIC_0010570,/content/drive/MyDrive/Dissertation/edi_faithfulness_localization/edi_fixed_model_faithfulness_localization_isic100_r224_v1/transformed_inputs/navier_stokes/ISIC_0010570.png,0.04183658957481381,0.04268636554479599,0.0008497759699821819,0.0,0,0,True,0.4581634104251862,0.457313634455204
navier_stokes,ISIC_0010596,/content/drive/MyDrive/Dissertation/edi_faithfulness_localization/edi_fixed_model_faithfulness_localization_isic100_r224_v1/transformed_inputs/navier_stokes/ISIC_0010596.png,0.0082069290801882,0.008152962662279606,5.3966417908593925e-05,0.0,0,0,True,0.4917930709198118,0.4918470373377204
navier_stokes,ISIC_0010863,/content/drive/MyDrive/Dissertation/edi_faithfulness_localization/edi_fixed_model_faithfulness_localization_isic100_r224_v1/transformed_inputs/navier_stokes/ISIC_0010863.png,0.0185580793768167,0.01804269291460514,0.0005153864622115603,0.0,0,0,True,0.4814419206231833,0.48195730708539486
navier_stokes,ISIC_0011158,/content/drive/MyDrive/Dissertation/edi_faithfulness_localization/edi_fixed_model_faithfulness_localization_isic100_r224_v1/transformed_inputs/navier_stokes/ISIC_0011158.png,0.0072815804742276,0.00738543551415205,0.00010385503992444995,0.0,0,0,True,0.4927184195257724,0.49261456448584795
navier_stokes,ISIC_0011173,/content/drive/MyDrive/Dissertation/edi_faithfulness_localization/edi_fixed_model_faithfulness_localization_isic100_r224_v1/transformed_inputs/navier_stokes/ISIC_0011173.png,0.956419825553894,0.9564306139945984,1.0788440704345703e-05,0.0,1,1,True,0.45641982555389404,0.4564306139945984
navier_stokes,ISIC_0011383,/content/drive/MyDrive/Dissertation/edi_faithfulness_localization/edi_fixed_model_faithfulness_localization_isic100_r224_v1/transformed_inputs/navier_stokes/ISIC_0011383.png,0.8329598307609558,0.8353821039199829,0.0024222731590270996,0.0,1,1,True,0.3329598307609558,0.3353821039199829
navier_stokes,ISIC_0012086,/content/drive/MyDrive/Dissertation/edi_faithfulness_localization/edi_fixed_model_faithfulness_localization_isic100_r224_v1/transformed_inputs/navier_stokes/ISIC_0012086.png,0.2244771420955658,0.220742866396904,0.003734275698661804,0.0,0,0,True,0.2755228579044342,0.279257133603096
navier_stokes,ISIC_0012356,/content/drive/MyDrive/Dissertation/edi_faithfulness_localization/edi_fixed_model_faithfulness_localization_isic100_r224_v1/transformed_inputs/navier_stokes/ISIC_0012356.png,0.6343873739242554,0.6370755434036255,0.002688169479370117,0.0,1,1,True,0.13438737392425537,0.1370755434036255
navier_stokes,ISIC_0012395,/content/drive/MyDrive/Dissertation/edi_faithfulness_localization/edi_fixed_model_faithfulness_localization_isic100_r224_v1/transformed_inputs/navier_stokes/ISIC_0012395.png,0.5754931569099426,0.5739966034889221,0.0014965534210205078,0.0,1,1,True,0.07549315690994263,0.07399660348892212
navier_stokes,ISIC_0012701,/content/drive/MyDrive/Dissertation/edi_faithfulness_localization/edi_fixed_model_faithfulness_localization_isic100_r224_v1/transformed_inputs/navier_stokes/ISIC_0012701.png,0.9979469180107116,0.997890055179596,5.6862831115611634e-05,0.0,1,1,True,0.49794691801071156,0.49789005517959595
navier_stokes,ISIC_0012705,/content/drive/MyDrive/Dissertation/edi_faithfulness_localization/edi_fixed_model_faithfulness_localization_isic100_r224_v1/transformed_inputs/navier_stokes/ISIC_0012705.png,0.759374737739563,0.7609397172927856,0.0015649795532226562,0.0,1,1,True,0.259374737739563,0.26093971729278564
navier_stokes,ISIC_0012840,/content/drive/MyDrive/Dissertation/edi_faithfulness_localization/edi_fixed_model_faithfulness_localization_isic100_r224_v1/transformed_inputs/navier_stokes/ISIC_0012840.png,0.8783178925514221,0.8758178353309631,0.0025000572204589844,0.0,1,1,True,0.3783178925514221,0.37581783533096313
navier_stokes,ISIC_0012877,/content/drive/MyDrive/Dissertation/edi_faithfulness_localization/edi_fixed_model_faithfulness_localization_isic100_r224_v1/transformed_inputs/navier_stokes/ISIC_0012877.png,0.9448885321617126,0.9449971914291382,0.00010865926742553711,0.0,1,1,True,0.44488853216171265,0.4449971914291382
navier_stokes,ISIC_0012930,/content/drive/MyDrive/Dissertation/edi_faithfulness_localization/edi_fixed_model_faithfulness_localization_isic100_r224_v1/transformed_inputs/navier_stokes/ISIC_0012930.png,0.9908698797225952,0.9909150004386902,4.51207160949707e-05,0.0,1,1,True,0.4908698797225952,0.4909150004386902
navier_stokes,ISIC_0012949,/content/drive/MyDrive/Dissertation/edi_faithfulness_localization/edi_fixed_model_faithfulness_localization_isic100_r224_v1/transformed_inputs/navier_stokes/ISIC_0012949.png,0.9609953761100768,0.9608611464500427,0.00013422966003406867,0.0,1,1,True,0.4609953761100768,0.4608611464500427
navier_stokes,ISIC_0012966,/content/drive/MyDrive/Dissertation/edi_faithfulness_localization/edi_fixed_model_faithfulness_localization_isic100_r224_v1/transformed_inputs/navier_stokes/ISIC_0012966.png,0.6168302297592163,0.6141909956932068,0.0026392340660095215,0.0,1,1,True,0.11683022975921631,0.11419099569320679
navier_stokes,ISIC_0013079,/content/drive/MyDrive/Dissertation/edi_faithfulness_localization/edi_fixed_model_faithfulness_localization_isic100_r224_v1/transformed_inputs/navier_stokes/ISIC_0013079.png,0.8130163550376892,0.8160554766654968,0.003039121627807617,0.0,1,1,True,0.3130163550376892,0.3160554766654968
navier_stokes,ISIC_0013147,/content/drive/MyDrive/Dissertation/edi_faithfulness_localization/edi_fixed_model_faithfulness_localization_isic100_r224_v1/transformed_inputs/navier_stokes/ISIC_0013147.png,0.9976277947425842,0.997647225856781,1.9431114196777344e-05,0.0,1,1,True,0.49762779474258423,0.497647225856781
navier_stokes,ISIC_0013177,/content/drive/MyDrive/Dissertation/edi_faithfulness_localization/edi_fixed_model_faithfulness_localization_isic100_r224_v1/transformed_inputs/navier_stokes/ISIC_0013177.png,0.600991427898407,0.5965761542320251,0.004415273666381836,0.0,1,1,True,0.10099142789840698,0.09657615423202515
navier_stokes,ISIC_0013223,/content/drive/MyDrive/Dissertation/edi_faithfulness_localization/edi_fixed_model_faithfulness_localization_isic100_r224_v1/transformed_inputs/navier_stokes/ISIC_0013223.png,0.9846094846725464,0.9844279885292053,0.00018149614334106445,0.0,1,1,True,0.4846094846725464,0.4844279885292053
navier_stokes,ISIC_0013258,/content/drive/MyDrive/Dissertation/edi_faithfulness_localization/edi_fixed_model_faithfulness_localization_isic100_r224_v1/transformed_inputs/navier_stokes/ISIC_0013258.png,0.9981552958488464,0.9981800317764282,2.473592758178711e-05,0.0,1,1,True,0.49815529584884644,0.4981800317764282
navier_stokes,ISIC_0013429,/content/drive/MyDrive/Dissertation/edi_faithfulness_localization/edi_fixed_model_faithfulness_localization_isic100_r224_v1/transformed_inputs/navier_stokes/ISIC_0013429.png,0.9331114292144777,0.9336479902267456,0.0005365610122679554,0.0,1,1,True,0.43311142921447765,0.4336479902267456
navier_stokes,ISIC_0013501,/content/drive/MyDrive/Dissertation/edi_faithfulness_localization/edi_fixed_model_faithfulness_localization_isic100_r224_v1/transformed_inputs/navier_stokes/ISIC_0013501.png,0.9280827641487122,0.9282530546188354,0.00017029047012329102,0.0,1,1,True,0.42808276414871216,0.42825305461883545
navier_stokes,ISIC_0013663,/content/drive/MyDrive/Dissertation/edi_faithfulness_localization/edi_fixed_model_faithfulness_localization_isic100_r224_v1/transformed_inputs/navier_stokes/ISIC_0013663.png,0.8816692233085632,0.8818202614784241,0.00015103816986083984,0.0,1,1,True,0.38166922330856323,0.3818202614784241
navier_stokes,ISIC_0013739,/content/drive/MyDrive/Dissertation/edi_faithfulness_localization/edi_fixed_model_faithfulness_localization_isic100_r224_v1/transformed_inputs/navier_stokes/ISIC_0013739.png,0.9785614013671876,0.9784830808639526,7.83205032349743e-05,0.0,1,1,True,0.4785614013671876,0.47848308086395264
navier_stokes,ISIC_0013807,/content/drive/MyDrive/Dissertation/edi_faithfulness_localization/edi_fixed_model_faithfulness_localization_isic100_r224_v1/transformed_inputs/navier_stokes/ISIC_0013807.png,0.9789520502090454,0.9788732528686523,7.87973403930664e-05,0.0,1,1,True,0.4789520502090454,0.47887325286865234
navier_stokes,ISIC_0013828,/content/drive/MyDrive/Dissertation/edi_faithfulness_localization/edi_fixed_model_faithfulness_localization_isic100_r224_v1/transformed_inputs/navier_stokes/ISIC_0013828.png,0.7684561014175415,0.7651321887969971,0.0033239126205444336,0.0,1,1,True,0.2684561014175415,0.26513218879699707
navier_stokes,ISIC_0013844,/content/drive/MyDrive/Dissertation/edi_faithfulness_localization/edi_fixed_model_faithfulness_localization_isic100_r224_v1/transformed_inputs/navier_stokes/ISIC_0013844.png,0.8530833721160889,0.8504691123962402,0.002614259719848633,0.0,1,1,True,0.35308337211608887,0.35046911239624023
navier_stokes,ISIC_0013867,/content/drive/MyDrive/Dissertation/edi_faithfulness_localization/edi_fixed_model_faithfulness_localization_isic100_r224_v1/transformed_inputs/navier_stokes/ISIC_0013867.png,0.844228208065033,0.8432362675666809,0.0009919404983520508,0.0,1,1,True,0.34422820806503296,0.3432362675666809
navier_stokes,ISIC_0013929,/content/drive/MyDrive/Dissertation/edi_faithfulness_localization/edi_fixed_model_faithfulness_localization_isic100_r224_v1/transformed_inputs/navier_stokes/ISIC_0013929.png,0.9872746467590332,0.9874773025512695,0.00020265579223632812,0.0,1,1,True,0.4872746467590332,0.48747730255126953
navier_stokes,ISIC_0013987,/content/drive/MyDrive/Dissertation/edi_faithfulness_localization/edi_fixed_model_faithfulness_localization_isic100_r224_v1/transformed_inputs/navier_stokes/ISIC_0013987.png,0.8268476724624634,0.8317403793334961,0.004892706871032715,0.0,1,1,True,0.3268476724624634,0.3317403793334961
navier_stokes,ISIC_0014092,/content/drive/MyDrive/Dissertation/edi_faithfulness_localization/edi_fixed_model_faithfulness_localization_isic100_r224_v1/transformed_inputs/navier_stokes/ISIC_0014092.png,0.9840659499168396,0.9838886260986328,0.0001773238182067871,0.0,1,1,True,0.4840659499168396,0.4838886260986328
navier_stokes,ISIC_0014114,/content/drive/MyDrive/Dissertation/edi_faithfulness_localization/edi_fixed_model_faithfulness_localization_isic100_r224_v1/transformed_inputs/navier_stokes/ISIC_0014114.png,0.7134481072425842,0.7128131985664368,0.0006349086761474609,0.0,1,1,True,0.21344810724258423,0.21281319856643677
navier_stokes,ISIC_0014136,/content/drive/MyDrive/Dissertation/edi_faithfulness_localization/edi_fixed_model_faithfulness_localization_isic100_r224_v1/transformed_inputs/navier_stokes/ISIC_0014136.png,0.5135320425033569,0.5153241157531738,0.0017920732498168945,0.0,1,1,True,0.013532042503356934,0.015324115753173828
navier_stokes,ISIC_0014169,/content/drive/MyDrive/Dissertation/edi_faithfulness_localization/edi_fixed_model_faithfulness_localization_isic100_r224_v1/transformed_inputs/navier_stokes/ISIC_0014169.png,0.991379737854004,0.9912039041519165,0.00017583370208751337,0.0,1,1,True,0.491379737854004,0.4912039041519165
navier_stokes,ISIC_0014173,/content/drive/MyDrive/Dissertation/edi_faithfulness_localization/edi_fixed_model_faithfulness_localization_isic100_r224_v1/transformed_inputs/navier_stokes/ISIC_0014173.png,0.9898950457572936,0.9899154901504517,2.0444393158070007e-05,0.0,1,1,True,0.4898950457572936,0.48991549015045166
navier_stokes,ISIC_0014185,/content/drive/MyDrive/Dissertation/edi_faithfulness_localization/edi_fixed_model_faithfulness_localization_isic100_r224_v1/transformed_inputs/navier_stokes/ISIC_0014185.png,0.9931324124336244,0.99314284324646,1.0430812835582337e-05,0.0,1,1,True,0.4931324124336244,0.49314284324645996
navier_stokes,ISIC_0014255,/content/drive/MyDrive/Dissertation/edi_faithfulness_localization/edi_fixed_model_faithfulness_localization_isic100_r224_v1/transformed_inputs/navier_stokes/ISIC_0014255.png,0.9559975266456604,0.9568969011306763,0.0008993744850158691,0.0,1,1,True,0.4559975266456604,0.45689690113067627
navier_stokes,ISIC_0014317,/content/drive/MyDrive/Dissertation/edi_faithfulness_localization/edi_fixed_model_faithfulness_localization_isic100_r224_v1/transformed_inputs/navier_stokes/ISIC_0014317.png,0.8807401061058044,0.8787707686424255,0.0019693374633789062,0.0,1,1,True,0.38074010610580444,0.37877076864242554
navier_stokes,ISIC_0014328,/content/drive/MyDrive/Dissertation/edi_faithfulness_localization/edi_fixed_model_faithfulness_localization_isic100_r224_v1/transformed_inputs/navier_stokes/ISIC_0014328.png,0.9952467679977416,0.9952902793884277,4.351139068614618e-05,0.0,1,1,True,0.4952467679977416,0.49529027938842773
navier_stokes,ISIC_0014395,/content/drive/MyDrive/Dissertation/edi_faithfulness_localization/edi_fixed_model_faithfulness_localization_isic100_r224_v1/transformed_inputs/navier_stokes/ISIC_0014395.png,0.3900005519390106,0.3898750841617584,0.00012546777725219727,0.0,0,0,True,0.10999944806098938,0.11012491583824158
navier_stokes,ISIC_0014480,/content/drive/MyDrive/Dissertation/edi_faithfulness_localization/edi_fixed_model_faithfulness_localization_isic100_r224_v1/transformed_inputs/navier_stokes/ISIC_0014480.png,0.9930856227874756,0.9929284453392029,0.00015717744827270508,0.0,1,1,True,0.4930856227874756,0.4929284453392029
navier_stokes,ISIC_0014684,/content/drive/MyDrive/Dissertation/edi_faithfulness_localization/edi_fixed_model_faithfulness_localization_isic100_r224_v1/transformed_inputs/navier_stokes/ISIC_0014684.png,0.3909150063991546,0.3903888761997223,0.0005261301994323175,0.0,0,0,True,0.10908499360084539,0.10961112380027771
navier_stokes,ISIC_0014720,/content/drive/MyDrive/Dissertation/edi_faithfulness_localization/edi_fixed_model_faithfulness_localization_isic100_r224_v1/transformed_inputs/navier_stokes/ISIC_0014720.png,0.2197015881538391,0.21649318933486938,0.0032083988189697266,0.0,0,0,True,0.2802984118461609,0.2835068106651306
navier_stokes,ISIC_0014746,/content/drive/MyDrive/Dissertation/edi_faithfulness_localization/edi_fixed_model_faithfulness_localization_isic100_r224_v1/transformed_inputs/navier_stokes/ISIC_0014746.png,0.0390580259263515,0.03846864402294159,0.0005893819034099093,0.0,0,0,True,0.4609419740736485,0.4615313559770584
navier_stokes,ISIC_0014795,/content/drive/MyDrive/Dissertation/edi_faithfulness_localization/edi_fixed_model_faithfulness_localization_isic100_r224_v1/transformed_inputs/navier_stokes/ISIC_0014795.png,0.5318303108215332,0.5366727113723755,0.004842400550842285,0.0,1,1,True,0.0318303108215332,0.03667271137237549
navier_stokes,ISIC_0014911,/content/drive/MyDrive/Dissertation/edi_faithfulness_localization/edi_fixed_model_faithfulness_localization_isic100_r224_v1/transformed_inputs/navier_stokes/ISIC_0014911.png,0.0877501666545867,0.0883597880601883,0.0006096214056015986,0.0,0,0,True,0.4122498333454133,0.4116402119398117
navier_stokes,ISIC_0014975,/content/drive/MyDrive/Dissertation/edi_faithfulness_localization/edi_fixed_model_faithfulness_localization_isic100_r224_v1/transformed_inputs/navier_stokes/ISIC_0014975.png,0.1548593342304229,0.1568915992975235,0.002032265067100608,0.0,0,0,True,0.34514066576957714,0.3431084007024765
navier_stokes,ISIC_0014982,/content/drive/MyDrive/Dissertation/edi_faithfulness_localization/edi_fixed_model_faithfulness_localization_isic100_r224_v1/transformed_inputs/navier_stokes/ISIC_0014982.png,0.361331433057785,0.36266008019447327,0.001328647136688288,0.0,0,0,True,0.13866856694221502,0.13733991980552673
navier_stokes,ISIC_0015032,/content/drive/MyDrive/Dissertation/edi_faithfulness_localization/edi_fixed_model_faithfulness_localization_isic100_r224_v1/transformed_inputs/navier_stokes/ISIC_0015032.png,0.6048997640609741,0.6098305583000183,0.0049307942390441895,0.0,1,1,True,0.10489976406097412,0.10983055830001831
navier_stokes,ISIC_0015056,/content/drive/MyDrive/Dissertation/edi_faithfulness_localization/edi_fixed_model_faithfulness_localization_isic100_r224_v1/transformed_inputs/navier_stokes/ISIC_0015056.png,0.0387712270021438,0.03908233717083931,0.0003111101686955123,0.0,0,0,True,0.4612287729978562,0.4609176628291607
navier_stokes,ISIC_0015127,/content/drive/MyDrive/Dissertation/edi_faithfulness_localization/edi_fixed_model_faithfulness_localization_isic100_r224_v1/transformed_inputs/navier_stokes/ISIC_0015127.png,0.1537915766239166,0.15177148580551147,0.0020200908184051236,0.0,0,0,True,0.3462084233760834,0.3482285141944885
navier_stokes,ISIC_0015158,/content/drive/MyDrive/Dissertation/edi_faithfulness_localization/edi_fixed_model_faithfulness_localization_isic100_r224_v1/transformed_inputs/navier_stokes/ISIC_0015158.png,0.5910177230834961,0.5951223373413086,0.0041046142578125,0.0,1,1,True,0.0910177230834961,0.0951223373413086
navier_stokes,ISIC_0015166,/content/drive/MyDrive/Dissertation/edi_faithfulness_localization/edi_fixed_model_faithfulness_localization_isic100_r224_v1/transformed_inputs/navier_stokes/ISIC_0015166.png,0.0650312900543212,0.06586882472038269,0.0008375346660614846,0.0,0,0,True,0.4349687099456788,0.4341311752796173
navier_stokes,ISIC_0015206,/content/drive/MyDrive/Dissertation/edi_faithfulness_localization/edi_fixed_model_faithfulness_localization_isic100_r224_v1/transformed_inputs/navier_stokes/ISIC_0015206.png,0.011876696720719301,0.01192411407828331,4.74173575640089e-05,0.0,0,0,True,0.4881233032792807,0.4880758859217167
navier_stokes,ISIC_0015211,/content/drive/MyDrive/Dissertation/edi_faithfulness_localization/edi_fixed_model_faithfulness_localization_isic100_r224_v1/transformed_inputs/navier_stokes/ISIC_0015211.png,0.0748625919222831,0.07445909082889557,0.00040350109338753437,0.0,0,0,True,0.4251374080777169,0.42554090917110443
navier_stokes,ISIC_0015215,/content/drive/MyDrive/Dissertation/edi_faithfulness_localization/edi_fixed_model_faithfulness_localization_isic100_r224_v1/transformed_inputs/navier_stokes/ISIC_0015215.png,0.9934942126274108,0.9936987161636353,0.00020450353622447626,0.0,1,1,True,0.4934942126274108,0.49369871616363525
navier_stokes,ISIC_0015251,/content/drive/MyDrive/Dissertation/edi_faithfulness_localization/edi_fixed_model_faithfulness_localization_isic100_r224_v1/transformed_inputs/navier_stokes/ISIC_0015251.png,0.0091828629374504,0.009241299703717232,5.843676626683149e-05,0.0,0,0,True,0.4908171370625496,0.49075870029628277
navier_stokes,ISIC_0015256,/content/drive/MyDrive/Dissertation/edi_faithfulness_localization/edi_fixed_model_faithfulness_localization_isic100_r224_v1/transformed_inputs/navier_stokes/ISIC_0015256.png,0.1639169007539749,0.1611977070569992,0.0027191936969756803,0.0,0,0,True,0.3360830992460251,0.3388022929430008
navier_stokes,ISIC_0015284,/content/drive/MyDrive/Dissertation/edi_faithfulness_localization/edi_fixed_model_faithfulness_localization_isic100_r224_v1/transformed_inputs/navier_stokes/ISIC_0015284.png,0.1157135292887687,0.11793608218431473,0.002222552895546029,0.0,0,0,True,0.3842864707112313,0.38206391781568527
navier_stokes,ISIC_0015476,/content/drive/MyDrive/Dissertation/edi_faithfulness_localization/edi_fixed_model_faithfulness_localization_isic100_r224_v1/transformed_inputs/navier_stokes/ISIC_0015476.png,0.0125930923968553,0.01267990656197071,8.681416511541022e-05,0.0,0,0,True,0.4874069076031447,0.4873200934380293
navier_stokes,ISIC_0015563,/content/drive/MyDrive/Dissertation/edi_faithfulness_localization/edi_fixed_model_faithfulness_localization_isic100_r224_v1/transformed_inputs/navier_stokes/ISIC_0015563.png,0.7195228934288025,0.7229723930358887,0.0034494996070861816,0.0,1,1,True,0.2195228934288025,0.22297239303588867
navier_stokes,ISIC_0015963,/content/drive/MyDrive/Dissertation/edi_faithfulness_localization/edi_fixed_model_faithfulness_localization_isic100_r224_v1/transformed_inputs/navier_stokes/ISIC_0015963.png,0.9902496933937072,0.9902439713478088,5.722045898326478e-06,0.0,1,1,True,0.49024969339370716,0.49024397134780884
navier_stokes,ISIC_0015964,/content/drive/MyDrive/Dissertation/edi_faithfulness_localization/edi_fixed_model_faithfulness_localization_isic100_r224_v1/transformed_inputs/navier_stokes/ISIC_0015964.png,0.9928881525993348,0.9928445219993591,4.363059997569696e-05,0.0,1,1,True,0.49288815259933483,0.49284452199935913
navier_stokes,ISIC_0015986,/content/drive/MyDrive/Dissertation/edi_faithfulness_localization/edi_fixed_model_faithfulness_localization_isic100_r224_v1/transformed_inputs/navier_stokes/ISIC_0015986.png,0.9616795778274536,0.9620572328567505,0.000377655029296875,0.0,1,1,True,0.4616795778274536,0.4620572328567505
telea,ISIC_0000013,/content/drive/MyDrive/Dissertation/edi_faithfulness_localization/edi_fixed_model_faithfulness_localization_isic100_r224_v1/transformed_inputs/telea/ISIC_0000013.png,0.0203734245151281,0.01976890303194523,0.0006045214831828724,0.0,0,0,True,0.4796265754848719,0.48023109696805477
telea,ISIC_0000031,/content/drive/MyDrive/Dissertation/edi_faithfulness_localization/edi_fixed_model_faithfulness_localization_isic100_r224_v1/transformed_inputs/telea/ISIC_0000031.png,0.1305475682020187,0.13047629594802856,7.127225399014558e-05,0.0,0,0,True,0.36945243179798126,0.36952370405197144
telea,ISIC_0000047,/content/drive/MyDrive/Dissertation/edi_faithfulness_localization/edi_fixed_model_faithfulness_localization_isic100_r224_v1/transformed_inputs/telea/ISIC_0000047.png,0.1284035742282867,0.12769630551338196,0.0007072687149047296,0.0,0,0,True,0.3715964257717133,0.37230369448661804
telea,ISIC_0000125,/content/drive/MyDrive/Dissertation/edi_faithfulness_localization/edi_fixed_model_faithfulness_localization_isic100_r224_v1/transformed_inputs/telea/ISIC_0000125.png,0.99198180437088,0.9920868277549744,0.0001050233840943493,0.0,1,1,True,0.49198180437088,0.49208682775497437
telea,ISIC_0000159,/content/drive/MyDrive/Dissertation/edi_faithfulness_localization/edi_fixed_model_faithfulness_localization_isic100_r224_v1/transformed_inputs/telea/ISIC_0000159.png,0.1081476658582687,0.10977425426244736,0.001626588404178661,0.0,0,0,True,0.3918523341417313,0.39022574573755264
telea,ISIC_0000175,/content/drive/MyDrive/Dissertation/edi_faithfulness_localization/edi_fixed_model_faithfulness_localization_isic100_r224_v1/transformed_inputs/telea/ISIC_0000175.png,0.0731875300407409,0.07261794805526733,0.0005695819854735634,0.0,0,0,True,0.4268124699592591,0.42738205194473267
telea,ISIC_0000276,/content/drive/MyDrive/Dissertation/edi_faithfulness_localization/edi_fixed_model_faithfulness_localization_isic100_r224_v1/transformed_inputs/telea/ISIC_0000276.png,0.4590473771095276,0.4577755928039551,0.0012717843055725098,0.0,0,0,True,0.04095262289047241,0.04222440719604492
telea,ISIC_0000298,/content/drive/MyDrive/Dissertation/edi_faithfulness_localization/edi_fixed_model_faithfulness_localization_isic100_r224_v1/transformed_inputs/telea/ISIC_0000298.png,0.3566022515296936,0.3555644750595093,0.0010377764701843262,0.0,0,0,True,0.1433977484703064,0.14443552494049072
telea,ISIC_0000303,/content/drive/MyDrive/Dissertation/edi_faithfulness_localization/edi_fixed_model_faithfulness_localization_isic100_r224_v1/transformed_inputs/telea/ISIC_0000303.png,0.1144162937998771,0.11167246103286743,0.0027438327670096657,0.0,0,0,True,0.3855837062001229,0.38832753896713257
telea,ISIC_0000384,/content/drive/MyDrive/Dissertation/edi_faithfulness_localization/edi_fixed_model_faithfulness_localization_isic100_r224_v1/transformed_inputs/telea/ISIC_0000384.png,0.731673538684845,0.7214619517326355,0.010211586952209473,0.0,1,1,True,0.23167353868484497,0.2214619517326355
telea,ISIC_0000420,/content/drive/MyDrive/Dissertation/edi_faithfulness_localization/edi_fixed_model_faithfulness_localization_isic100_r224_v1/transformed_inputs/telea/ISIC_0000420.png,0.7522097229957581,0.7521008253097534,0.00010889768600463867,0.0,1,1,True,0.25220972299575806,0.2521008253097534
telea,ISIC_0000482,/content/drive/MyDrive/Dissertation/edi_faithfulness_localization/edi_fixed_model_faithfulness_localization_isic100_r224_v1/transformed_inputs/telea/ISIC_0000482.png,0.2333051711320877,0.23075638711452484,0.002548784017562866,0.0,0,0,True,0.2666948288679123,0.26924361288547516
telea,ISIC_0000510,/content/drive/MyDrive/Dissertation/edi_faithfulness_localization/edi_fixed_model_faithfulness_localization_isic100_r224_v1/transformed_inputs/telea/ISIC_0000510.png,0.0451457761228084,0.04515097662806511,5.200505256708343e-06,0.0,0,0,True,0.4548542238771916,0.4548490233719349
telea,ISIC_0000513,/content/drive/MyDrive/Dissertation/edi_faithfulness_localization/edi_fixed_model_faithfulness_localization_isic100_r224_v1/transformed_inputs/telea/ISIC_0000513.png,0.1809086203575134,0.18016928434371948,0.0007393360137939176,0.0,0,0,True,0.3190913796424866,0.3198307156562805
telea,ISIC_0001103,/content/drive/MyDrive/Dissertation/edi_faithfulness_localization/edi_fixed_model_faithfulness_localization_isic100_r224_v1/transformed_inputs/telea/ISIC_0001103.png,0.9271822571754456,0.9292172193527222,0.0020349621772766113,0.0,1,1,True,0.42718225717544556,0.42921721935272217
telea,ISIC_0001131,/content/drive/MyDrive/Dissertation/edi_faithfulness_localization/edi_fixed_model_faithfulness_localization_isic100_r224_v1/transformed_inputs/telea/ISIC_0001131.png,0.0035249842330813005,0.0035371382255107164,1.215399242941598e-05,0.0,0,0,True,0.4964750157669187,0.4964628617744893
telea,ISIC_0001133,/content/drive/MyDrive/Dissertation/edi_faithfulness_localization/edi_fixed_model_faithfulness_localization_isic100_r224_v1/transformed_inputs/telea/ISIC_0001133.png,0.0540414564311504,0.05437251180410385,0.0003310553729534496,0.0,0,0,True,0.4459585435688496,0.44562748819589615
telea,ISIC_0001242,/content/drive/MyDrive/Dissertation/edi_faithfulness_localization/edi_fixed_model_faithfulness_localization_isic100_r224_v1/transformed_inputs/telea/ISIC_0001242.png,0.9758204221725464,0.9757863879203796,3.403425216674805e-05,0.0,1,1,True,0.4758204221725464,0.47578638792037964
telea,ISIC_0001372,/content/drive/MyDrive/Dissertation/edi_faithfulness_localization/edi_fixed_model_faithfulness_localization_isic100_r224_v1/transformed_inputs/telea/ISIC_0001372.png,0.5463206171989441,0.5487728118896484,0.0024521946907043457,0.0,1,1,True,0.04632061719894409,0.04877281188964844
telea,ISIC_0003559,/content/drive/MyDrive/Dissertation/edi_faithfulness_localization/edi_fixed_model_faithfulness_localization_isic100_r224_v1/transformed_inputs/telea/ISIC_0003559.png,0.7901986241340637,0.7932738065719604,0.0030751824378967285,0.0,1,1,True,0.2901986241340637,0.29327380657196045
telea,ISIC_0006776,/content/drive/MyDrive/Dissertation/edi_faithfulness_localization/edi_fixed_model_faithfulness_localization_isic100_r224_v1/transformed_inputs/telea/ISIC_0006776.png,0.8195379972457886,0.8205425143241882,0.0010045170783996582,0.0,1,1,True,0.3195379972457886,0.32054251432418823
telea,ISIC_0006982,/content/drive/MyDrive/Dissertation/edi_faithfulness_localization/edi_fixed_model_faithfulness_localization_isic100_r224_v1/transformed_inputs/telea/ISIC_0006982.png,0.9704814553260804,0.9701776504516602,0.00030380487442027704,0.0,1,1,True,0.47048145532608043,0.47017765045166016
telea,ISIC_0007038,/content/drive/MyDrive/Dissertation/edi_faithfulness_localization/edi_fixed_model_faithfulness_localization_isic100_r224_v1/transformed_inputs/telea/ISIC_0007038.png,0.9587787389755248,0.9593759775161743,0.0005972385406495251,0.0,1,1,True,0.4587787389755248,0.4593759775161743
telea,ISIC_0009298,/content/drive/MyDrive/Dissertation/edi_faithfulness_localization/edi_fixed_model_faithfulness_localization_isic100_r224_v1/transformed_inputs/telea/ISIC_0009298.png,0.3722734451293945,0.3684694766998291,0.003803968429565374,0.0,0,0,True,0.12772655487060552,0.1315305233001709
telea,ISIC_0009898,/content/drive/MyDrive/Dissertation/edi_faithfulness_localization/edi_fixed_model_faithfulness_localization_isic100_r224_v1/transformed_inputs/telea/ISIC_0009898.png,0.4563904106616974,0.4521276652812958,0.004262745380401611,0.0,0,0,True,0.04360958933830261,0.047872334718704224
telea,ISIC_0009931,/content/drive/MyDrive/Dissertation/edi_faithfulness_localization/edi_fixed_model_faithfulness_localization_isic100_r224_v1/transformed_inputs/telea/ISIC_0009931.png,0.0048727071844041,0.0046608359552919865,0.0002118712291121136,0.0,0,0,True,0.4951272928155959,0.495339164044708
telea,ISIC_0009934,/content/drive/MyDrive/Dissertation/edi_faithfulness_localization/edi_fixed_model_faithfulness_localization_isic100_r224_v1/transformed_inputs/telea/ISIC_0009934.png,0.21748484671115867,0.21779228746891022,0.0003074407577515481,0.0,0,0,True,0.28251515328884136,0.2822077125310898
telea,ISIC_0009960,/content/drive/MyDrive/Dissertation/edi_faithfulness_localization/edi_fixed_model_faithfulness_localization_isic100_r224_v1/transformed_inputs/telea/ISIC_0009960.png,0.6691495180130005,0.6694202423095703,0.0002707242965698242,0.0,1,1,True,0.1691495180130005,0.1694202423095703
telea,ISIC_0009979,/content/drive/MyDrive/Dissertation/edi_faithfulness_localization/edi_fixed_model_faithfulness_localization_isic100_r224_v1/transformed_inputs/telea/ISIC_0009979.png,0.7174862623214722,0.7184804081916809,0.0009941458702087402,0.0,1,1,True,0.21748626232147217,0.2184804081916809
telea,ISIC_0010090,/content/drive/MyDrive/Dissertation/edi_faithfulness_localization/edi_fixed_model_faithfulness_localization_isic100_r224_v1/transformed_inputs/telea/ISIC_0010090.png,0.9707648158073424,0.9706578850746155,0.00010693073272693976,0.0,1,1,True,0.4707648158073424,0.4706578850746155
telea,ISIC_0010100,/content/drive/MyDrive/Dissertation/edi_faithfulness_localization/edi_fixed_model_faithfulness_localization_isic100_r224_v1/transformed_inputs/telea/ISIC_0010100.png,0.0875967219471931,0.08607302606105804,0.0015236958861350597,0.0,0,0,True,0.4124032780528069,0.41392697393894196
telea,ISIC_0010175,/content/drive/MyDrive/Dissertation/edi_faithfulness_localization/edi_fixed_model_faithfulness_localization_isic100_r224_v1/transformed_inputs/telea/ISIC_0010175.png,0.0025820261798799,0.0025716654490679502,1.0360730811949641e-05,0.0,0,0,True,0.4974179738201201,0.49742833455093205
telea,ISIC_0010212,/content/drive/MyDrive/Dissertation/edi_faithfulness_localization/edi_fixed_model_faithfulness_localization_isic100_r224_v1/transformed_inputs/telea/ISIC_0010212.png,0.0126635255292057,0.012474842369556427,0.00018868315964927322,0.0,0,0,True,0.4873364744707943,0.4875251576304436
telea,ISIC_0010225,/content/drive/MyDrive/Dissertation/edi_faithfulness_localization/edi_fixed_model_faithfulness_localization_isic100_r224_v1/transformed_inputs/telea/ISIC_0010225.png,0.2177474796772003,0.2160990685224533,0.0016484111547469815,0.0,0,0,True,0.2822525203227997,0.2839009314775467
telea,ISIC_0010334,/content/drive/MyDrive/Dissertation/edi_faithfulness_localization/edi_fixed_model_faithfulness_localization_isic100_r224_v1/transformed_inputs/telea/ISIC_0010334.png,0.0262244902551174,0.02619318850338459,3.1301751732808886e-05,0.0,0,0,True,0.4737755097448826,0.4738068114966154
telea,ISIC_0010570,/content/drive/MyDrive/Dissertation/edi_faithfulness_localization/edi_fixed_model_faithfulness_localization_isic100_r224_v1/transformed_inputs/telea/ISIC_0010570.png,0.042711317539215,0.044337935745716095,0.0016266182065010973,0.0,0,0,True,0.457288682460785,0.4556620642542839
telea,ISIC_0010596,/content/drive/MyDrive/Dissertation/edi_faithfulness_localization/edi_fixed_model_faithfulness_localization_isic100_r224_v1/transformed_inputs/telea/ISIC_0010596.png,0.0116197010502219,0.011503869667649269,0.00011583138257263009,0.0,0,0,True,0.4883802989497781,0.48849613033235073
telea,ISIC_0010863,/content/drive/MyDrive/Dissertation/edi_faithfulness_localization/edi_fixed_model_faithfulness_localization_isic100_r224_v1/transformed_inputs/telea/ISIC_0010863.png,0.016170497983694,0.01577029377222061,0.00040020421147338864,0.0,0,0,True,0.483829502016306,0.4842297062277794
telea,ISIC_0011158,/content/drive/MyDrive/Dissertation/edi_faithfulness_localization/edi_fixed_model_faithfulness_localization_isic100_r224_v1/transformed_inputs/telea/ISIC_0011158.png,0.0064278524369001,0.00654447078704834,0.00011661835014824002,0.0,0,0,True,0.4935721475630999,0.49345552921295166
telea,ISIC_0011173,/content/drive/MyDrive/Dissertation/edi_faithfulness_localization/edi_fixed_model_faithfulness_localization_isic100_r224_v1/transformed_inputs/telea/ISIC_0011173.png,0.9595681428909302,0.9601817727088928,0.0006136298179626465,0.0,1,1,True,0.4595681428909302,0.4601817727088928
telea,ISIC_0011383,/content/drive/MyDrive/Dissertation/edi_faithfulness_localization/edi_fixed_model_faithfulness_localization_isic100_r224_v1/transformed_inputs/telea/ISIC_0011383.png,0.8378206491470337,0.8375506401062012,0.00027000904083251953,0.0,1,1,True,0.3378206491470337,0.33755064010620117
telea,ISIC_0012086,/content/drive/MyDrive/Dissertation/edi_faithfulness_localization/edi_fixed_model_faithfulness_localization_isic100_r224_v1/transformed_inputs/telea/ISIC_0012086.png,0.2402942478656768,0.23830674588680267,0.0019875019788741233,0.0,0,0,True,0.25970575213432323,0.2616932541131973
telea,ISIC_0012356,/content/drive/MyDrive/Dissertation/edi_faithfulness_localization/edi_fixed_model_faithfulness_localization_isic100_r224_v1/transformed_inputs/telea/ISIC_0012356.png,0.6529259085655212,0.6518970727920532,0.0010288357734680176,0.0,1,1,True,0.15292590856552124,0.15189707279205322
telea,ISIC_0012395,/content/drive/MyDrive/Dissertation/edi_faithfulness_localization/edi_fixed_model_faithfulness_localization_isic100_r224_v1/transformed_inputs/telea/ISIC_0012395.png,0.6071550250053406,0.6032029986381531,0.0039520263671875,0.0,1,1,True,0.10715502500534058,0.10320299863815308
telea,ISIC_0012701,/content/drive/MyDrive/Dissertation/edi_faithfulness_localization/edi_fixed_model_faithfulness_localization_isic100_r224_v1/transformed_inputs/telea/ISIC_0012701.png,0.9981077909469604,0.9981012940406799,6.496906280517578e-06,0.0,1,1,True,0.49810779094696045,0.49810129404067993
telea,ISIC_0012705,/content/drive/MyDrive/Dissertation/edi_faithfulness_localization/edi_fixed_model_faithfulness_localization_isic100_r224_v1/transformed_inputs/telea/ISIC_0012705.png,0.8138998746871948,0.8124194741249084,0.001480400562286377,0.0,1,1,True,0.3138998746871948,0.31241947412490845
telea,ISIC_0012840,/content/drive/MyDrive/Dissertation/edi_faithfulness_localization/edi_fixed_model_faithfulness_localization_isic100_r224_v1/transformed_inputs/telea/ISIC_0012840.png,0.8720441460609436,0.8718456029891968,0.00019854307174682617,0.0,1,1,True,0.3720441460609436,0.3718456029891968
telea,ISIC_0012877,/content/drive/MyDrive/Dissertation/edi_faithfulness_localization/edi_fixed_model_faithfulness_localization_isic100_r224_v1/transformed_inputs/telea/ISIC_0012877.png,0.9415854215621948,0.9414422512054443,0.00014317035675048828,0.0,1,1,True,0.4415854215621948,0.44144225120544434
telea,ISIC_0012930,/content/drive/MyDrive/Dissertation/edi_faithfulness_localization/edi_fixed_model_faithfulness_localization_isic100_r224_v1/transformed_inputs/telea/ISIC_0012930.png,0.99044531583786,0.9906445741653442,0.00019925832748424188,0.0,1,1,True,0.49044531583786,0.49064457416534424
telea,ISIC_0012949,/content/drive/MyDrive/Dissertation/edi_faithfulness_localization/edi_fixed_model_faithfulness_localization_isic100_r224_v1/transformed_inputs/telea/ISIC_0012949.png,0.955977201461792,0.9554985165596008,0.0004786849021911621,0.0,1,1,True,0.455977201461792,0.45549851655960083
telea,ISIC_0012966,/content/drive/MyDrive/Dissertation/edi_faithfulness_localization/edi_fixed_model_faithfulness_localization_isic100_r224_v1/transformed_inputs/telea/ISIC_0012966.png,0.6241651773452759,0.6224697828292847,0.001695394515991211,0.0,1,1,True,0.12416517734527588,0.12246978282928467
telea,ISIC_0013079,/content/drive/MyDrive/Dissertation/edi_faithfulness_localization/edi_fixed_model_faithfulness_localization_isic100_r224_v1/transformed_inputs/telea/ISIC_0013079.png,0.8287448287010193,0.8295894861221313,0.0008446574211120605,0.0,1,1,True,0.3287448287010193,0.32958948612213135
telea,ISIC_0013147,/content/drive/MyDrive/Dissertation/edi_faithfulness_localization/edi_fixed_model_faithfulness_localization_isic100_r224_v1/transformed_inputs/telea/ISIC_0013147.png,0.9969725608825684,0.9969973564147949,2.47955322265625e-05,0.0,1,1,True,0.49697256088256836,0.4969973564147949
telea,ISIC_0013177,/content/drive/MyDrive/Dissertation/edi_faithfulness_localization/edi_fixed_model_faithfulness_localization_isic100_r224_v1/transformed_inputs/telea/ISIC_0013177.png,0.5833905339241028,0.5801481604576111,0.0032423734664916992,0.0,1,1,True,0.08339053392410278,0.08014816045761108
telea,ISIC_0013223,/content/drive/MyDrive/Dissertation/edi_faithfulness_localization/edi_fixed_model_faithfulness_localization_isic100_r224_v1/transformed_inputs/telea/ISIC_0013223.png,0.9839694499969482,0.9838563203811646,0.0001131296157836914,0.0,1,1,True,0.48396944999694824,0.48385632038116455
telea,ISIC_0013258,/content/drive/MyDrive/Dissertation/edi_faithfulness_localization/edi_fixed_model_faithfulness_localization_isic100_r224_v1/transformed_inputs/telea/ISIC_0013258.png,0.9975613355636596,0.9975444674491882,1.6868114471324525e-05,0.0,1,1,True,0.49756133556365956,0.49754446744918823
telea,ISIC_0013429,/content/drive/MyDrive/Dissertation/edi_faithfulness_localization/edi_fixed_model_faithfulness_localization_isic100_r224_v1/transformed_inputs/telea/ISIC_0013429.png,0.9163995385169984,0.9163681268692017,3.141164779674188e-05,0.0,1,1,True,0.4163995385169984,0.41636812686920166
telea,ISIC_0013501,/content/drive/MyDrive/Dissertation/edi_faithfulness_localization/edi_fixed_model_faithfulness_localization_isic100_r224_v1/transformed_inputs/telea/ISIC_0013501.png,0.889491081237793,0.8900212645530701,0.0005301833152770996,0.0,1,1,True,0.38949108123779297,0.39002126455307007
telea,ISIC_0013663,/content/drive/MyDrive/Dissertation/edi_faithfulness_localization/edi_fixed_model_faithfulness_localization_isic100_r224_v1/transformed_inputs/telea/ISIC_0013663.png,0.8775893449783325,0.8785142302513123,0.0009248852729797363,0.0,1,1,True,0.3775893449783325,0.37851423025131226
telea,ISIC_0013739,/content/drive/MyDrive/Dissertation/edi_faithfulness_localization/edi_fixed_model_faithfulness_localization_isic100_r224_v1/transformed_inputs/telea/ISIC_0013739.png,0.9812186360359192,0.9813917875289917,0.00017315149307250977,0.0,1,1,True,0.4812186360359192,0.4813917875289917
telea,ISIC_0013807,/content/drive/MyDrive/Dissertation/edi_faithfulness_localization/edi_fixed_model_faithfulness_localization_isic100_r224_v1/transformed_inputs/telea/ISIC_0013807.png,0.974985897541046,0.9752639532089233,0.0002780556678773083,0.0,1,1,True,0.47498589754104603,0.47526395320892334
telea,ISIC_0013828,/content/drive/MyDrive/Dissertation/edi_faithfulness_localization/edi_fixed_model_faithfulness_localization_isic100_r224_v1/transformed_inputs/telea/ISIC_0013828.png,0.7319933176040649,0.7289190888404846,0.0030742287635803223,0.0,1,1,True,0.23199331760406494,0.22891908884048462
telea,ISIC_0013844,/content/drive/MyDrive/Dissertation/edi_faithfulness_localization/edi_fixed_model_faithfulness_localization_isic100_r224_v1/transformed_inputs/telea/ISIC_0013844.png,0.8576980233192444,0.855458676815033,0.0022393465042114258,0.0,1,1,True,0.3576980233192444,0.35545867681503296
telea,ISIC_0013867,/content/drive/MyDrive/Dissertation/edi_faithfulness_localization/edi_fixed_model_faithfulness_localization_isic100_r224_v1/transformed_inputs/telea/ISIC_0013867.png,0.8306977152824402,0.8298274874687195,0.0008702278137207031,0.0,1,1,True,0.3306977152824402,0.3298274874687195
telea,ISIC_0013929,/content/drive/MyDrive/Dissertation/edi_faithfulness_localization/edi_fixed_model_faithfulness_localization_isic100_r224_v1/transformed_inputs/telea/ISIC_0013929.png,0.985870897769928,0.9861086010932922,0.0002377033233642578,0.0,1,1,True,0.485870897769928,0.48610860109329224
telea,ISIC_0013987,/content/drive/MyDrive/Dissertation/edi_faithfulness_localization/edi_fixed_model_faithfulness_localization_isic100_r224_v1/transformed_inputs/telea/ISIC_0013987.png,0.8114194273948669,0.8135177493095398,0.0020983219146728516,0.0,1,1,True,0.31141942739486694,0.3135177493095398
telea,ISIC_0014092,/content/drive/MyDrive/Dissertation/edi_faithfulness_localization/edi_fixed_model_faithfulness_localization_isic100_r224_v1/transformed_inputs/telea/ISIC_0014092.png,0.9808846712112428,0.981056272983551,0.0001716017723082386,0.0,1,1,True,0.4808846712112428,0.481056272983551
telea,ISIC_0014114,/content/drive/MyDrive/Dissertation/edi_faithfulness_localization/edi_fixed_model_faithfulness_localization_isic100_r224_v1/transformed_inputs/telea/ISIC_0014114.png,0.7229158878326416,0.7228835821151733,3.230571746826172e-05,0.0,1,1,True,0.2229158878326416,0.22288358211517334
telea,ISIC_0014136,/content/drive/MyDrive/Dissertation/edi_faithfulness_localization/edi_fixed_model_faithfulness_localization_isic100_r224_v1/transformed_inputs/telea/ISIC_0014136.png,0.5360214710235596,0.533410370349884,0.002611100673675537,0.0,1,1,True,0.03602147102355957,0.03341037034988403
telea,ISIC_0014169,/content/drive/MyDrive/Dissertation/edi_faithfulness_localization/edi_fixed_model_faithfulness_localization_isic100_r224_v1/transformed_inputs/telea/ISIC_0014169.png,0.9894481897354126,0.9894380569458008,1.0132789611816406e-05,0.0,1,1,True,0.4894481897354126,0.4894380569458008
telea,ISIC_0014173,/content/drive/MyDrive/Dissertation/edi_faithfulness_localization/edi_fixed_model_faithfulness_localization_isic100_r224_v1/transformed_inputs/telea/ISIC_0014173.png,0.9880698323249816,0.9882280230522156,0.00015819072723399774,0.0,1,1,True,0.4880698323249816,0.4882280230522156
telea,ISIC_0014185,/content/drive/MyDrive/Dissertation/edi_faithfulness_localization/edi_fixed_model_faithfulness_localization_isic100_r224_v1/transformed_inputs/telea/ISIC_0014185.png,0.9902408123016356,0.9903075695037842,6.675720214854852e-05,0.0,1,1,True,0.49024081230163563,0.4903075695037842
telea,ISIC_0014255,/content/drive/MyDrive/Dissertation/edi_faithfulness_localization/edi_fixed_model_faithfulness_localization_isic100_r224_v1/transformed_inputs/telea/ISIC_0014255.png,0.9343929886817932,0.9356361627578735,0.0012431740760803223,0.0,1,1,True,0.4343929886817932,0.43563616275787354
telea,ISIC_0014317,/content/drive/MyDrive/Dissertation/edi_faithfulness_localization/edi_fixed_model_faithfulness_localization_isic100_r224_v1/transformed_inputs/telea/ISIC_0014317.png,0.8834908604621887,0.8825647830963135,0.0009260773658752441,0.0,1,1,True,0.3834908604621887,0.3825647830963135
telea,ISIC_0014328,/content/drive/MyDrive/Dissertation/edi_faithfulness_localization/edi_fixed_model_faithfulness_localization_isic100_r224_v1/transformed_inputs/telea/ISIC_0014328.png,0.9954178333282472,0.9953405857086182,7.724761962901727e-05,0.0,1,1,True,0.4954178333282472,0.49534058570861816
telea,ISIC_0014395,/content/drive/MyDrive/Dissertation/edi_faithfulness_localization/edi_fixed_model_faithfulness_localization_isic100_r224_v1/transformed_inputs/telea/ISIC_0014395.png,0.3207160830497741,0.3191392719745636,0.0015768110752105158,0.0,0,0,True,0.17928391695022589,0.1808607280254364
telea,ISIC_0014480,/content/drive/MyDrive/Dissertation/edi_faithfulness_localization/edi_fixed_model_faithfulness_localization_isic100_r224_v1/transformed_inputs/telea/ISIC_0014480.png,0.9930217862129213,0.9928528666496277,0.00016891956329356805,0.0,1,1,True,0.49302178621292125,0.4928528666496277
telea,ISIC_0014684,/content/drive/MyDrive/Dissertation/edi_faithfulness_localization/edi_fixed_model_faithfulness_localization_isic100_r224_v1/transformed_inputs/telea/ISIC_0014684.png,0.4221052825450897,0.4180961847305298,0.0040090978145599365,0.0,0,0,True,0.07789471745491028,0.08190381526947021
telea,ISIC_0014720,/content/drive/MyDrive/Dissertation/edi_faithfulness_localization/edi_fixed_model_faithfulness_localization_isic100_r224_v1/transformed_inputs/telea/ISIC_0014720.png,0.2146051377058029,0.21366901695728302,0.0009361207485198697,0.0,0,0,True,0.2853948622941971,0.286330983042717
telea,ISIC_0014746,/content/drive/MyDrive/Dissertation/edi_faithfulness_localization/edi_fixed_model_faithfulness_localization_isic100_r224_v1/transformed_inputs/telea/ISIC_0014746.png,0.0378415025770664,0.03742150217294693,0.00042000040411947076,0.0,0,0,True,0.4621584974229336,0.46257849782705307
telea,ISIC_0014795,/content/drive/MyDrive/Dissertation/edi_faithfulness_localization/edi_fixed_model_faithfulness_localization_isic100_r224_v1/transformed_inputs/telea/ISIC_0014795.png,0.5220781564712524,0.5249959230422974,0.002917766571044922,0.0,1,1,True,0.02207815647125244,0.024995923042297363
telea,ISIC_0014911,/content/drive/MyDrive/Dissertation/edi_faithfulness_localization/edi_fixed_model_faithfulness_localization_isic100_r224_v1/transformed_inputs/telea/ISIC_0014911.png,0.1063910275697708,0.10661322623491287,0.0002221986651420732,0.0,0,0,True,0.3936089724302292,0.3933867737650871
telea,ISIC_0014975,/content/drive/MyDrive/Dissertation/edi_faithfulness_localization/edi_fixed_model_faithfulness_localization_isic100_r224_v1/transformed_inputs/telea/ISIC_0014975.png,0.1421206146478653,0.1450430005788803,0.0029223859310150146,0.0,0,0,True,0.3578793853521347,0.3549569994211197
telea,ISIC_0014982,/content/drive/MyDrive/Dissertation/edi_faithfulness_localization/edi_fixed_model_faithfulness_localization_isic100_r224_v1/transformed_inputs/telea/ISIC_0014982.png,0.3716089427471161,0.3716880977153778,7.915496826171875e-05,0.0,0,0,True,0.1283910572528839,0.1283119022846222
telea,ISIC_0015032,/content/drive/MyDrive/Dissertation/edi_faithfulness_localization/edi_fixed_model_faithfulness_localization_isic100_r224_v1/transformed_inputs/telea/ISIC_0015032.png,0.615798830986023,0.6195818781852722,0.0037830471992492676,0.0,1,1,True,0.11579883098602295,0.11958187818527222
telea,ISIC_0015056,/content/drive/MyDrive/Dissertation/edi_faithfulness_localization/edi_fixed_model_faithfulness_localization_isic100_r224_v1/transformed_inputs/telea/ISIC_0015056.png,0.0375578254461288,0.03731386736035347,0.0002439580857753268,0.0,0,0,True,0.4624421745538712,0.46268613263964653
telea,ISIC_0015127,/content/drive/MyDrive/Dissertation/edi_faithfulness_localization/edi_fixed_model_faithfulness_localization_isic100_r224_v1/transformed_inputs/telea/ISIC_0015127.png,0.1811196506023407,0.18169480562210083,0.0005751550197601318,0.0,0,0,True,0.3188803493976593,0.31830519437789917
telea,ISIC_0015158,/content/drive/MyDrive/Dissertation/edi_faithfulness_localization/edi_fixed_model_faithfulness_localization_isic100_r224_v1/transformed_inputs/telea/ISIC_0015158.png,0.565315842628479,0.5721950531005859,0.006879210472106934,0.0,1,1,True,0.065315842628479,0.07219505310058594
telea,ISIC_0015166,/content/drive/MyDrive/Dissertation/edi_faithfulness_localization/edi_fixed_model_faithfulness_localization_isic100_r224_v1/transformed_inputs/telea/ISIC_0015166.png,0.0596974529325962,0.06090014427900314,0.0012026913464069436,0.0,0,0,True,0.4403025470674038,0.43909985572099686
telea,ISIC_0015206,/content/drive/MyDrive/Dissertation/edi_faithfulness_localization/edi_fixed_model_faithfulness_localization_isic100_r224_v1/transformed_inputs/telea/ISIC_0015206.png,0.010547419078648,0.010339973494410515,0.00020744558423748533,0.0,0,0,True,0.489452580921352,0.4896600265055895
telea,ISIC_0015211,/content/drive/MyDrive/Dissertation/edi_faithfulness_localization/edi_fixed_model_faithfulness_localization_isic100_r224_v1/transformed_inputs/telea/ISIC_0015211.png,0.10792052000761028,0.10692255944013596,0.0009979605674743236,0.0,0,0,True,0.39207947999238973,0.39307744055986404
telea,ISIC_0015215,/content/drive/MyDrive/Dissertation/edi_faithfulness_localization/edi_fixed_model_faithfulness_localization_isic100_r224_v1/transformed_inputs/telea/ISIC_0015215.png,0.9935536980628968,0.9935947060585022,4.100799560535773e-05,0.0,1,1,True,0.49355369806289684,0.4935947060585022
telea,ISIC_0015251,/content/drive/MyDrive/Dissertation/edi_faithfulness_localization/edi_fixed_model_faithfulness_localization_isic100_r224_v1/transformed_inputs/telea/ISIC_0015251.png,0.0081387544050812,0.008031656965613365,0.0001070974394678341,0.0,0,0,True,0.4918612455949188,0.49196834303438663
telea,ISIC_0015256,/content/drive/MyDrive/Dissertation/edi_faithfulness_localization/edi_fixed_model_faithfulness_localization_isic100_r224_v1/transformed_inputs/telea/ISIC_0015256.png,0.1689002364873886,0.1670537292957306,0.00184650719165802,0.0,0,0,True,0.3310997635126114,0.3329462707042694
telea,ISIC_0015284,/content/drive/MyDrive/Dissertation/edi_faithfulness_localization/edi_fixed_model_faithfulness_localization_isic100_r224_v1/transformed_inputs/telea/ISIC_0015284.png,0.1290807127952575,0.13106626272201538,0.001985549926757868,0.0,0,0,True,0.3709192872047425,0.3689337372779846
telea,ISIC_0015476,/content/drive/MyDrive/Dissertation/edi_faithfulness_localization/edi_fixed_model_faithfulness_localization_isic100_r224_v1/transformed_inputs/telea/ISIC_0015476.png,0.0180587768554687,0.017738575115799904,0.00032020173966879756,0.0,0,0,True,0.4819412231445313,0.4822614248842001
telea,ISIC_0015563,/content/drive/MyDrive/Dissertation/edi_faithfulness_localization/edi_fixed_model_faithfulness_localization_isic100_r224_v1/transformed_inputs/telea/ISIC_0015563.png,0.6991268396377563,0.6975367665290833,0.0015900731086730957,0.0,1,1,True,0.19912683963775635,0.19753676652908325
telea,ISIC_0015963,/content/drive/MyDrive/Dissertation/edi_faithfulness_localization/edi_fixed_model_faithfulness_localization_isic100_r224_v1/transformed_inputs/telea/ISIC_0015963.png,0.9905953407287598,0.9905802607536316,1.5079975128173828e-05,0.0,1,1,True,0.49059534072875977,0.4905802607536316
telea,ISIC_0015964,/content/drive/MyDrive/Dissertation/edi_faithfulness_localization/edi_fixed_model_faithfulness_localization_isic100_r224_v1/transformed_inputs/telea/ISIC_0015964.png,0.9937357902526855,0.9938554167747498,0.00011962652206420898,0.0,1,1,True,0.49373579025268555,0.49385541677474976
telea,ISIC_0015986,/content/drive/MyDrive/Dissertation/edi_faithfulness_localization/edi_fixed_model_faithfulness_localization_isic100_r224_v1/transformed_inputs/telea/ISIC_0015986.png,0.96553635597229,0.9655749201774597,3.8564205169677734e-05,0.0,1,1,True,0.46553635597229004,0.4655749201774597
